CustomerID,CustomerLifetimeValue
17420,598.8300000000002
16861,151.65
16503,1421.4300000000003
15727,5178.959999999999
17389,31300.08
15447,155.17
14450,483.25
13623,672.44
13285,2709.1199999999994
16339,109.95000000000002
14570,218.05999999999992
16386,317.2
18024,236.78000000000003
15100,635.1
12471,18740.91999999999
16916,576.2599999999999
14514,1055.35
16500,400.86
12626,6388.350000000001
18161,1612.7899999999997
15967,418.83000000000004
14465,1058.6200000000008
13261,944.1
18218,626.38
14075,942.2599999999999
14536,171.8
14148,157.2
14423,265.2
15004,1246.3199999999995
15254,300.36000000000007
18282,176.6
17809,4627.619999999999
15738,4788.769999999999
17044,897.43
12393,1582.6000000000001
16791,1706.2799999999993
15296,3610.3099999999995
17708,267.08000000000004
13875,1786.7900000000004
14289,911.2599999999999
14377,617.05
17754,1739.9199999999994
17775,56.4
13060,307.53000000000003
17783,283.47
15655,511.31999999999994
18221,1033.3100000000002
13601,693.3199999999999
16283,1531.5099999999998
14837,1641.2000000000007
14997,540.98
17837,1560.5300000000002
13207,250.26000000000005
17223,426.78999999999985
18043,559.5099999999996
13898,155.93
15382,5927.8600000000015
14315,2456.979999999999
16224,1295.3
14958,499.6799999999999
13508,110.97
17193,1674.4599999999998
13329,740.3999999999999
17950,472.12
15535,459.8999999999997
14713,2664.2600000000007
16565,173.7
13225,6083.040000000001
14944,5842.950000000001
16094,1041.83
14779,386.1499999999999
14770,876.4199999999997
16232,983.2299999999999
17190,249.74
15292,180.93999999999997
13398,457.3400000000001
16117,232.21
17346,2611.580000000001
13468,5656.750000000004
15070,106.2
16510,248.10000000000002
15221,114.10000000000001
16985,5461.619999999999
16549,4154.640000000004
16027,852.12
15146,1313.6600000000008
15026,469.00000000000006
17438,378.30000000000007
15594,1767.5299999999995
15462,234.60000000000002
12694,869.6699999999998
16526,290.35999999999996
13500,1136.77
15983,1475.0200000000004
15827,1641.48
17677,16219.219999999996
17213,2741.080000000001
14030,2360.09
16255,2609.2999999999993
13313,1555.32
12530,1623.6299999999994
15781,333.56
17613,4509.370000000001
14477,1307.81
14245,1677.4799999999998
12717,980.98
13544,291.4100000000001
16257,46.95
15584,722.6100000000002
17924,2894.33
16835,180.85000000000002
17396,7330.800000000001
16954,2085.080000000001
15157,1869.5000000000002
17392,457.91
14532,932.8499999999997
12727,3947.7
12559,536.2099999999999
14760,53.8
17462,662.94
16766,1145.6
16947,406.48000000000013
12757,4227.700000000001
15973,99.77
14437,-43.400000000000006
17969,228.2
17525,422.70000000000005
15164,843.0499999999998
12523,1745.5700000000002
15270,2298.2000000000003
17774,1215.4599999999998
12401,84.3
16317,1341.6499999999999
17972,136.04
17926,397.29
17265,562.8999999999997
15658,958.8999999999997
14085,4435.789999999997
17430,265.76
13494,316.26
17639,108.5
13046,629.31
13516,1389.41
15491,3090.8500000000004
13003,149.05
16813,1692.9799999999996
17554,1952.4499999999998
13967,80.7
15093,4410.1399999999985
14589,39.75
15497,1259.7
12943,-3.75
16738,3.75
16913,113.44000000000001
13751,296.24999999999994
17388,1259.56
14064,1188.3199999999997
16801,867.8300000000002
13720,799.8999999999999
17588,1240.2
13994,2313.1400000000003
14332,866.3099999999998
12384,566.16
18085,689.95
16274,357.94999999999993
15716,1118.8100000000004
16125,289.35
18193,212.96000000000004
12755,2203.1999999999994
12494,1139.3500000000004
12782,2273.320000000001
13368,623.4
14715,867.3800000000001
12854,1289.1499999999999
14935,1784.7099999999998
17508,387.31
14336,1614.91
16721,292.46999999999997
12355,459.4
12837,134.1
15850,238.85000000000008
17001,3989.5699999999993
16532,6748.8
13782,912.0
14101,5976.789999999999
14501,190.31
14044,652.8199999999997
14410,576.2999999999998
12362,5154.580000000001
13220,819.29
15116,1352.75
15130,330.11
16671,1692.27
13745,291.53999999999996
17353,1740.0
16244,1522.7499999999998
14180,4640.769999999998
17059,3095.0400000000022
18071,453.0
14525,4221.370000000001
13027,6912.0
14555,324.14000000000004
13904,332.63999999999993
17678,298.10999999999996
12447,476.49
15840,345.65999999999997
15253,915.3
13109,766.8400000000001
15795,610.0100000000001
16455,1841.1799999999998
16839,15357.779999999992
14733,9451.539999999999
16265,5423.150000000003
15503,147.09000000000003
17890,602.0900000000005
14776,2195.580000000001
17147,1679.64
14056,8124.399999999987
15234,197.0
14367,9167.82000000001
17955,557.3
14117,90.0
15923,127.08000000000003
12913,2483.6299999999997
13104,1098.48
16043,773.9900000000004
12373,364.6
13873,381.70000000000005
13166,414.69999999999993
15733,162.3
17542,170.75
12948,2053.7
14647,243.21999999999994
14177,554.46
12548,95.19999999999999
15105,2298.93
12453,707.0899999999999
12885,1158.27
16053,1511.9499999999996
14496,538.8100000000001
15260,1780.77
12725,427.79999999999995
15332,1661.06
18113,76.32000000000001
15024,1661.3299999999995
14419,1058.06
15062,987.8600000000001
16684,65892.07999999999
15262,178.95000000000002
17463,1881.3599999999997
15855,712.2399999999997
13139,5055.790000000001
16175,1037.5899999999997
13052,348.15000000000003
18248,783.02
16774,654.9200000000001
15219,305.75
16012,1415.29
12868,1607.0600000000009
15426,1429.8999999999999
16553,5664.569999999999
13523,3755.38
14062,10464.85
12865,1548.0699999999995
12705,6814.240000000005
16885,471.5099999999999
16326,3085.9600000000005
15370,2360.55
13301,618.0899999999999
12582,511.3599999999999
15071,982.0699999999998
12597,3683.130000000001
13946,561.5699999999999
15132,977.93
16834,413.46000000000004
15073,612.4300000000001
17709,137.45
16178,197.90000000000003
13081,27964.47999999999
15841,1209.1
12601,569.5600000000001
14644,780.46
16078,79.2
15906,1521.7900000000004
17312,644.3
17053,496.37999999999994
17584,1227.3
14720,663.8100000000001
15485,2575.0
16150,1906.0699999999993
13838,691.7299999999994
13497,321.04999999999995
14961,7006.580000000001
17496,271.04999999999995
15203,1827.7999999999993
13038,908.4600000000002
16571,1285.2199999999998
15918,334.23
13524,680.1800000000001
16266,861.8899999999998
15599,761.74
16969,650.41
16338,214.80000000000004
15051,1391.6099999999997
12662,3817.079999999999
15363,318.05
12731,18793.41
15563,1319.69
12951,1042.0700000000002
17071,2385.48
16431,642.81
15083,88.19999999999999
17928,212.54000000000002
15440,383.68000000000006
14888,369.2
14287,151.23
15405,349.1
14375,257.67999999999995
14808,2175.3699999999985
13730,752.5999999999998
15920,167.49999999999997
12347,4310.0
17097,937.9199999999998
15224,310.47999999999996
15454,179.10000000000002
14871,522.3799999999999
17811,7677.709999999996
16303,5305.830000000002
14439,2661.24
13477,1441.5299999999997
13811,591.75
17029,716.0
15108,1291.75
17423,663.6300000000001
18170,980.31
17345,537.74
15267,1717.3600000000001
17448,-4287.63
14813,155.42999999999998
17259,603.3699999999998
16138,-7.95
12709,9294.099999999999
14565,3073.7700000000004
13426,3550.699999999999
16134,603.69
14292,4819.330000000001
15938,404.58000000000004
13584,142.40000000000003
12509,176.5
15636,724.76
14193,853.3899999999999
16383,668.3600000000001
17603,-1165.3
17966,1098.43
14128,637.5
16698,1998.0
16370,1320.5599999999995
15909,191.93999999999997
16114,135.75000000000003
15895,179.17
17331,175.2
16048,243.69000000000005
15111,1567.4799999999998
12841,3876.3999999999996
12429,3750.4000000000005
18075,2538.7200000000003
18050,74.4
14462,1965.9000000000003
17504,2745.28
12873,374.0
17883,671.7699999999996
16131,3506.54
14105,1260.3300000000002
17536,76.5
17984,152.68000000000006
13694,62653.100000000006
17685,3191.5300000000007
14587,1598.2400000000002
12652,914.5299999999997
15696,2644.460000000001
12935,2156.45
16515,1627.13
15974,3429.5499999999993
14036,626.6499999999999
16242,3598.2600000000007
12881,298.0
16253,3665.6200000000003
13101,101.18999999999998
16076,2173.53
13117,984.9099999999995
13958,-102.45
17869,428.17999999999995
17706,10097.369999999995
16316,2755.5599999999995
17400,2129.9600000000023
14669,1269.9900000000002
16401,4061.239999999998
16948,435.02
15228,3376.9600000000014
16693,482.01
17486,396.87000000000006
12564,456.9000000000001
16769,380.3899999999999
15815,2100.6
18036,405.61999999999995
16230,542.03
15152,4684.240000000001
15386,394.14000000000004
17386,2686.4199999999996
12722,904.33
15856,16173.669999999995
18062,720.5200000000001
12489,334.92999999999995
15940,31.799999999999997
16057,2140.22
16159,348.2000000000001
16475,544.3
14041,141.41
13781,127.84000000000002
16469,650.4300000000001
17974,740.7899999999998
16483,139.35000000000002
13248,465.6799999999999
16682,1028.0
16984,4392.419999999997
15922,363.6000000000001
17547,-11.8
15570,4109.970000000003
12708,2616.32
13488,8910.610000000002
15950,1705.259999999999
17204,1352.9100000000003
16148,76.32000000000001
16394,1412.0600000000002
14513,438.49
15543,127.85999999999999
15053,697.79
18129,112.55
13122,922.3900000000002
14351,51.0
15438,156.57999999999998
14606,11713.849999999973
17720,1195.94
14032,2929.8399999999992
14608,1785.1499999999999
17692,733.4399999999999
16470,757.4399999999996
12744,9120.390000000001
16073,94.35
13344,2543.72
16609,5450.959999999999
16348,1469.4499999999998
12639,486.1
14364,3717.349999999999
17715,326.4
13589,379.65
14327,311.65000000000003
17019,1272.6100000000001
16145,3741.98
17585,1133.0700000000004
16473,314.86
15835,954.0899999999995
17730,5288.83
17094,270.19999999999993
13098,28658.879999999983
13975,2503.2300000000005
14507,1368.1799999999998
14422,4263.6399999999985
15452,538.7299999999999
14870,327.24999999999994
18191,207.79999999999998
13988,4098.8
15364,913.1900000000002
16323,207.50000000000003
15925,207.15
12535,716.3500000000001
16928,2781.5000000000005
14775,1011.9000000000001
13295,197.95
17819,3661.0699999999993
12712,4241.630000000001
15882,495.3599999999999
16775,1695.6600000000003
18102,256438.48999999993
14051,15477.34
12797,194.18
14415,5811.560000000003
12980,7092.06
15532,1517.080000000001
14035,1428.02
14112,2774.1699999999987
13132,77.3
17871,155.89999999999998
17176,306.13
17242,1135.04
17444,2940.0400000000013
18252,526.6699999999997
15689,254.1
16191,4913.32
17018,920.1
15638,-94.0
17817,387.67999999999995
16917,391.5200000000001
15206,420.3
14013,473.02
12937,1504.2699999999998
17946,149.58
13439,283.71
12888,313.77
16657,933.6199999999998
12910,3075.04
16637,1124.5900000000001
15163,304.47
14453,119.93000000000002
13517,2109.07
15700,664.0299999999996
15829,636.1400000000001
16292,280.9
12921,16389.740000000016
15061,54228.740000000005
13983,2590.46
18259,2338.6000000000004
13000,534.8500000000001
15046,5064.009999999999
17861,2059.2000000000007
15549,1655.76
13549,916.1200000000001
17101,1621.73
12589,646.68
16168,3770.6000000000004
15894,263.54999999999995
13034,642.7700000000001
13531,483.8000000000001
12666,-227.44
15719,5043.959999999997
14828,2139.76
15518,1911.8900000000003
13993,3409.6600000000003
14088,50415.489999999976
14534,4075.3499999999985
17619,218.52000000000004
16389,1362.27
14730,2005.0600000000022
18173,2106.84
15388,140.54
14538,388.24999999999994
17187,203.95
16055,134.8
12749,3868.2000000000016
13575,732.0699999999999
15014,260.16999999999996
13895,2588.12
15942,337.43999999999994
12583,7187.34
14210,1900.89
17519,1839.0700000000002
12875,343.2300000000001
15159,18573.679999999993
17739,2786.05
17033,1030.1399999999999
15034,4277.660000000002
14040,3542.1900000000014
14257,3087.2700000000004
16882,705.1199999999999
18145,2861.55
16419,959.48
15199,1268.6999999999998
12462,1124.0099999999998
12857,1106.4000000000003
18084,87.52999999999999
18068,101.69999999999999
14656,291.04999999999984
17886,899.6100000000001
12580,415.7
14154,1345.6200000000003
13229,160.95
15865,895.1300000000001
15252,740.78
12556,603.7099999999998
17377,3925.920000000001
18041,4161.139999999998
12870,-14.899999999999999
15347,201.59999999999997
13829,-102.0
17771,245.81
14407,2111.0799999999995
17049,5594.780000000004
14291,3873.2999999999984
14077,499.41999999999996
13357,609.9500000000002
13015,3346.2799999999993
15508,1000.2700000000002
18133,715.4999999999999
15333,1028.56
17263,63.440000000000005
16038,454.3299999999999
13339,860.1200000000002
14862,841.2
13267,4404.440000000001
16558,8257.040000000005
17702,1719.7199999999998
15806,784.5799999999999
15027,1051.9499999999996
16942,1894.1099999999997
14591,1447.1400000000003
14988,334.54
12770,1351.4499999999998
17531,293.45000000000005
13643,519.44
12750,275.88
12431,6416.390000000001
16754,2002.4
13552,3539.5300000000016
17859,148.21
13489,449.52000000000004
17325,96.8
14214,1000.2299999999996
14297,1284.0599999999997
15223,454.9000000000001
14681,498.95
14853,463.05
12432,5059.320000000001
15506,979.2600000000006
15746,182.95999999999998
17135,1139.73
14404,1434.72
15984,2816.9699999999993
14618,538.5899999999999
15811,2171.32
17618,971.5800000000002
14113,1377.92
13859,201.16
12421,806.2700000000001
15339,557.57
15365,1330.4500000000003
16573,648.4099999999999
17171,224.90999999999997
15393,231.86
15245,2515.8400000000006
17398,653.3799999999999
14852,2836.6900000000005
13655,932.97
15582,682.9100000000001
16369,1553.6600000000003
14451,662.5899999999999
12473,2848.23
14132,3580.130000000001
15186,411.40999999999997
13093,7741.47
17967,123.07000000000002
16411,214.65
15987,1451.28
16949,1161.2700000000002
14540,996.2599999999998
13717,1432.2600000000002
13085,272.38
13951,674.4499999999998
14628,671.96
17589,2404.17
15747,974.0400000000002
17551,306.84
14978,1931.420000000002
14676,2543.2400000000002
14903,2744.48
16871,2761.49
17556,157.9
18143,1000.1599999999999
12791,192.60000000000002
12474,7116.470000000003
15602,1083.63
15002,1641.7600000000002
15628,2865.6400000000003
17744,2291.08
15208,867.6199999999999
13397,1539.1799999999998
13168,1310.1399999999999
12834,312.38
12994,902.22
15648,599.9
13249,711.4100000000001
16960,507.05000000000007
17268,763.64
15237,1412.3200000000008
16610,75.66
18227,93.75
16006,101.39999999999999
17124,298.89000000000004
17155,251.7
12704,2220.84
13106,59.5
12828,1018.71
17267,317.61999999999995
15465,6945.019999999999
15304,680.3
17179,711.79
14841,3295.7599999999998
17457,1737.6999999999998
15059,1325.8200000000002
12414,562.41
14600,393.3299999999999
15764,3245.4699999999993
12408,2842.5699999999997
16967,319.0199999999999
17866,325.7
,1447682.12000015
15544,3542.5099999999984
17238,3744.6500000000024
14205,218.78000000000003
17790,1965.5500000000006
16458,3482.7399999999975
15587,913.6800000000001
18171,1208.5099999999998
12565,131.17
14470,461.18999999999994
16668,306.72
14350,258.7
13743,1340.1499999999999
17874,658.2600000000002
13316,5815.49
14195,962.6999999999998
14998,429.8699999999999
18018,122.13999999999999
14972,114.77000000000002
18118,5595.769999999997
17596,2827.930000000002
17682,2459.33
12853,1881.6999999999998
15724,212.3
13226,108.21000000000001
13571,2092.3199999999997
16965,201.19
15704,2293.6199999999994
13887,349.54999999999995
15076,880.8500000000004
15537,110.92000000000003
14847,309.4
14079,375.09999999999997
18168,1133.64
16393,2941.050000000001
17675,20098.099999999988
14355,174.4
17307,-152.64000000000001
12867,3986.220000000001
15562,134.55
12574,218.45000000000002
17574,185.64999999999998
14163,2445.9100000000003
12360,2662.0600000000004
17157,306.55
17025,357.77
17894,1119.8099999999997
15996,1044.7799999999993
16907,981.6500000000002
12346,0.0
17889,203.87
16214,1062.7499999999998
13533,270.79000000000013
16643,487.51
14338,554.2199999999999
12461,826.8800000000001
14213,-1192.2000000000003
17091,3802.8099999999986
17937,4301.22
18037,70.02
14290,2307.4500000000007
15482,6568.72
12500,4206.27
17517,153.94
12993,414.76
16061,-29.95
13712,228.83999999999997
14198,663.5
13529,307.76
15098,649.5
13583,781.0300000000002
13991,850.63
14031,14634.64
17198,692.22
15044,7629.380000000001
12576,1306.98
14603,660.0
16780,425.18999999999994
13120,30.599999999999998
15852,160.71
14542,103.25000000000001
16113,161.38000000000002
14104,216.20999999999998
16305,361.2199999999999
15639,425.31999999999994
14495,123.8
17976,353.18999999999994
13880,3219.7700000000004
17419,4200.970000000001
15547,4954.839999999997
18044,2085.6499999999996
14150,658.6400000000001
14643,668.6100000000001
15171,1034.5
13659,1550.8500000000008
14389,999.72
15812,1801.14
17830,398.70000000000005
15145,1194.73
17058,1179.89
18235,1796.4800000000005
16756,239.4
15238,1056.54
12743,546.4299999999997
18074,489.6
17732,303.97
14396,487.98999999999995
16327,3844.2200000000003
13784,2462.79
17609,1103.9199999999992
16745,7170.700000000003
17560,854.95
15753,79.2
17789,225.9
17652,4737.129999999998
14408,2606.5300000000007
17698,154.95000000000002
14273,559.9700000000001
15128,1419.5400000000006
12871,380.64
14500,356.85
15280,113.12
13154,-611.86
12644,477.9100000000001
16353,6675.71
16863,481.35
16081,2806.900000000001
14735,5807.6900000000005
15939,6102.26
14248,302.58
13630,1995.6799999999998
13675,486.82000000000005
17394,203.86999999999995
16116,592.8800000000001
12409,11056.93
12472,6229.480000000004
15646,425.13999999999993
17757,5585.489999999997
17949,52750.84000000001
14282,3729.339999999999
12481,5590.860000000001
13959,598.2
16805,460.58999999999986
17980,811.4499999999999
14472,1936.840000000001
15607,104.76
13634,1575.1599999999999
12356,2811.4300000000007
13581,117.99999999999999
12435,7829.889999999999
12955,4734.260000000001
18080,1231.5
16806,801.4899999999996
16226,255.11999999999998
16185,529.41
16587,225.14999999999995
13213,1518.4299999999996
13300,365.2900000000001
14156,113384.13999999998
17655,2571.7400000000007
17629,1784.12
12578,2753.359999999999
13049,656.6800000000001
16767,5580.6
15114,2760.5600000000013
15133,982.4199999999998
16979,1809.0499999999997
15241,1738.5900000000006
15367,1867.6899999999991
14339,289.91
12863,504.20000000000005
13384,4122.28
16247,114.56
12917,594.0
16098,2005.6300000000003
14896,468.77
15626,675.8
16716,319.8000000000001
14475,799.8199999999999
17843,205.48000000000002
12654,601.98
15695,409.9800000000001
13239,329.56
14890,125.65
13892,632.97
16319,404.40000000000003
13456,1737.8200000000002
16446,2.9
17759,834.9899999999999
17948,358.56000000000006
13047,3079.1000000000004
15311,59419.340000000084
16122,684.4200000000001
13802,3906.2700000000013
17634,2361.9700000000025
16655,3794.5199999999995
16315,226.37
15057,1489.5
17705,1781.1199999999997
15785,2303.75
12365,320.69
15590,-30.19
13509,979.7200000000001
14483,129.20000000000002
13654,2707.330000000001
12593,418.1
12974,144.8
14823,321.4299999999999
13761,1070.65
12919,1301.4399999999996
16147,375.0
16552,379.72999999999996
17572,226.75
16926,230.25000000000003
13652,1095.08
12877,1535.7699999999998
13029,1247.5
12651,114.00000000000003
14657,838.2700000000001
17571,1498.5100000000002
17864,597.5
14640,2042.1499999999996
13242,270.4
12358,1168.06
18099,168.31000000000003
16719,1773.92
17722,2380.64
13982,1861.1099999999997
17230,3466.6700000000005
15797,2207.4
17515,639.0199999999998
14006,962.19
17362,312.22999999999996
16842,1260.4399999999998
13044,560.4700000000001
16014,653.1299999999997
14004,4582.639999999999
17080,285.5
13650,1809.3399999999997
15408,267.17999999999995
14403,1426.3100000000002
14649,1417.2900000000004
12562,3781.7400000000007
12904,509.5799999999999
12424,1760.9599999999998
17899,155.79999999999998
14918,1610.15
12981,372.22
15247,356.0
16905,3085.4799999999996
12567,9114.940000000002
13094,1708.8600000000006
15039,19786.439999999944
13786,230.4
17324,990.23
14524,1867.6800000000003
16746,6694.310000000001
14533,1812.6200000000001
15189,15802.140000000001
17373,646.92
13908,2347.0499999999997
13803,277.07000000000005
17594,993.1800000000001
14152,611.0899999999999
14145,3148.2
12821,92.72
13737,339.59999999999997
14522,974.54
13466,297.95000000000005
13791,1047.6799999999998
12691,1035.8
12849,1050.8899999999999
16697,112.75000000000001
16146,734.1299999999999
16099,731.9000000000001
17615,329.6
17429,512.1200000000001
18241,2058.09
16764,2758.250000000002
13408,27487.409999999993
17760,287.59000000000003
12605,-7.5
18008,2116.19
14548,652.8
16612,1187.66
14276,1019.3900000000001
13345,377.6000000000001
13722,2369.1600000000008
16628,2183.04
17991,93.35
14353,90.6
14280,134.04
16829,197.22
15901,363.88
15752,2628.93
15916,1491.24
15379,3631.89
14662,771.1699999999998
12929,105.10000000000001
12956,108.07
13955,322.96
12909,2128.8300000000004
16142,535.3400000000001
18213,232.48000000000002
18121,673.1000000000001
13388,627.1500000000001
14527,7711.379999999981
14001,2030.33
17964,471.70000000000005
15823,-840.7600000000001
17026,154.82999999999998
13579,467.03999999999996
16235,858.4099999999997
14541,1461.6499999999999
16133,14305.660000000003
12350,334.40000000000003
18087,3770.12
15755,2318.8799999999997
12520,2582.51
13216,333.74
14476,215.7
18177,1314.1699999999996
17120,307.46
16358,2024.9499999999996
15825,532.94
14716,329.68
17968,277.34999999999997
13065,205.85999999999999
17062,534.4699999999999
15889,446.8699999999998
18219,2019.77
14825,2226.909999999999
13050,5684.609999999999
12591,452.84999999999985
15031,668.1399999999999
17138,380.5
15832,836.7899999999998
13485,454.24
15668,76.32000000000001
15117,1550.13
15862,832.8799999999999
16770,744.9000000000004
16995,-1.25
16402,299.59999999999997
12808,483.65
15018,456.26000000000005
14952,7912.790000000001
13148,3348.480000000001
16726,1382.02
13458,9537.919999999998
13629,7792.36
15218,5756.89
16333,26626.8
13453,356.98
12598,3002.6800000000003
14165,122.53999999999999
18040,357.20000000000005
14482,2068.150000000001
16457,208.36
18150,566.5799999999999
16880,1519.0800000000002
17879,178.51999999999998
12830,6748.400000000001
14143,115.8
13355,674.7
17567,4012.5600000000013
17884,717.4499999999998
17888,525.78
12515,383.7
15464,1048.8500000000006
16424,82.56
17095,1088.1999999999996
14242,280.55
13493,618.63
13884,781.3000000000001
13452,590.0
13772,1132.13
18246,596.1
17703,798.7399999999998
13255,390.65999999999997
15012,423.0399999999999
15038,665.5899999999996
13807,112.6
18077,2633.01
16016,1483.3099999999995
13496,617.9300000000001
17913,411.59999999999997
15415,572.8099999999998
18093,2083.42
16509,363.7
14473,234.34000000000003
15400,666.7
14645,597.09
16777,226.35000000000002
17906,72.9
13752,1186.2800000000002
14619,379.50999999999993
14905,599.9000000000001
13417,640.83
13657,382.14
15314,327.97
13291,361.10999999999996
13805,924.5999999999999
16539,1388.8100000000002
17787,1865.1899999999994
17691,290.40000000000003
15649,816.0
12423,1849.11
14889,135.9
13911,2580.909999999999
12561,238.85
14586,134.15999999999997
12613,3218.9799999999996
15230,429.6
12457,1917.7799999999997
12506,73.50000000000003
14034,512.0199999999999
16929,1295.3900000000003
17873,1764.36
14800,4236.339999999997
15194,7521.17
17812,732.1599999999997
13199,9803.96
17314,2514.7599999999993
16297,275.4000000000001
15410,3450.840000000002
17045,339.43999999999994
14038,1554.48
12353,89.0
13917,272.03999999999996
16464,1314.6799999999996
15342,391.75999999999993
13016,789.8899999999999
16218,3054.87
17643,101.55000000000001
15514,2963.1900000000005
13948,101.99999999999999
15468,438.46
16899,1281.56
15394,2183.5399999999995
14209,2067.1300000000006
14880,706.19
15319,204.5
18183,600.5200000000001
14818,657.8
17669,3406.7200000000007
17160,3518.0300000000007
14931,964.6800000000001
17718,139.35
17455,131.7
17900,14.999999999999993
13919,350.15999999999997
13305,2000.8599999999997
14932,363.53
12989,6854.509999999999
17126,991.8499999999998
13008,178.47
13221,847.4100000000001
16554,641.5500000000002
15110,970.25
13703,99.5
14431,397.76
12679,1058.67
14535,2841.0900000000015
13711,252.06000000000003
14551,186.23000000000002
17166,189.48999999999998
12815,1063.46
18265,801.5100000000001
18237,987.0999999999999
15374,168.0
17069,2655.2199999999993
14060,6135.379999999997
17965,2622.5700000000015
13097,5893.319999999994
13869,3104.9500000000035
17742,355.11
16351,153.9
14616,406.08000000000004
12836,2612.860000000001
17291,550.8000000000001
16592,4073.280000000001
14499,815.3199999999997
15049,121.17000000000002
17781,188.01999999999998
15530,1502.35
14246,1474.0600000000002
17505,1145.84
13856,363.4
14584,1029.2599999999995
16461,151.42
18081,343.45000000000005
16781,294.65
12839,5583.620000000003
15329,1005.4999999999998
14414,1485.1299999999999
16387,94.36
13328,1308.48
13707,806.4100000000004
16187,6841.239999999998
16495,684.4099999999999
16080,176.60000000000002
13577,1658.3
17245,171.45
13418,5845.44
14264,319.4700000000001
12686,89.14
13136,2545.38
13890,1860.8599999999997
14334,2539.460000000001
18190,274.51
16678,3013.83
18211,600.0699999999999
16377,676.2
17043,1735.1799999999998
16341,1959.38
16893,145.93000000000004
14448,375.35
17524,145.0
12370,3545.6899999999987
15204,316.58000000000004
12775,1351.2399999999998
13381,3626.8100000000004
15236,321.05
17323,908.9900000000001
13792,195.55
12817,166.04
15106,1407.73
16626,4379.649999999999
15457,237.07000000000002
17550,267.16000000000014
14311,229.71000000000004
15172,1624.05
17630,503.59999999999985
17384,336.4
15585,455.30000000000007
13461,1445.0
17694,283.12000000000006
13767,16945.709999999995
14237,161.00000000000003
15834,2084.8999999999996
17191,2095.13
13615,399.9900000000001
14620,393.28000000000003
17535,164.39999999999998
13026,936.1499999999999
14066,152.55
18108,264.65
13282,1047.84
17483,414.04
15505,3497.1400000000003
13827,412.04999999999995
17935,145.79
16891,809.6999999999996
15953,1634.5299999999997
18092,9065.759999999998
14709,4911.139999999999
15460,216.76
15885,379.34999999999997
13133,109.80000000000001
13157,1721.57
15632,3147.3100000000004
14326,166.85
17898,152.05999999999997
14891,554.38
17046,642.0199999999999
16634,217.9
12395,2998.2799999999997
15028,627.13
13030,799.4799999999999
16771,2246.8100000000013
16992,1601.8600000000001
16998,287.02
17282,1703.4100000000003
17995,76.1
14854,2749.8900000000003
18272,3064.7799999999997
13134,1740.6299999999999
16849,124.57
16018,408.9
13302,63.75
17660,196.0
15232,612.06
14680,26932.339999999997
14217,1925.3599999999997
16795,414.88000000000005
14037,147.20000000000005
17220,3198.25
13004,5613.43
17358,365.84999999999985
15443,3212.1599999999985
14970,1592.06
15809,399.2099999999999
16728,1054.6699999999998
17492,374.57
17932,1331.5699999999997
13682,59.5
16545,339.3
17939,99.14000000000003
13681,827.83
17941,304.56
15023,6763.159999999993
15353,777.02
13369,263.75000000000006
18245,2507.5599999999995
14099,3092.970000000002
18283,2094.879999999998
17165,158.68
14930,2372.8599999999997
17768,2273.1800000000007
13200,870.0900000000001
17850,5288.630000000009
14135,4690.310000000001
12766,6989.630000000002
13800,558.3199999999997
17255,298.41
17663,1788.27
17152,1503.5
16933,530.08
17624,843.48
16450,311.92
17779,642.1699999999998
14855,645.65
12738,155.35
15750,2451.229999999999
17978,300.91999999999996
16743,2191.84
12348,1797.24
16395,1486.9000000000005
15174,135.75
15058,2124.9900000000007
16765,34.0
16792,110.38000000000001
13341,775.8499999999999
16584,908.0300000000002
16031,548.94
13562,1799.33
13510,1785.1599999999994
13568,192.85000000000005
13748,948.2499999999999
15769,51823.72
16221,864.86
16011,3362.71
14082,182.24999999999997
13680,2202.309999999999
13939,556.7499999999999
15670,173.05
15129,3447.4000000000005
13118,1125.0000000000002
14348,409.57
17625,2047.000000000001
14111,688.6
15618,747.031
14567,1524.46
13108,350.05999999999995
16477,2494.459999999999
15898,1384.68
13077,729.27
14777,-17.45
18212,248.41999999999993
16085,981.5099999999999
12842,1118.99
17499,622.88
16859,473.1399999999999
14964,206.21
13486,1122.4099999999999
13194,60.7
17908,243.2799999999999
15640,12433.339999999995
15384,635.76
17796,697.9000000000001
14505,5818.700000000001
17189,384.4
12585,1982.809999999999
15673,2881.0200000000013
17083,1405.7799999999997
15397,94.0
14147,468.40000000000003
15416,3974.37
16449,674.6899999999999
16136,709.3799999999999
14155,118.75
16096,320.62
16261,746.8299999999996
17522,1070.71
16824,460.64
17750,1797.570000000001
12648,318.05
13116,485.19000000000005
17040,449.7299999999999
18268,0.0
15081,487.35
16779,10454.049999999997
12665,61.75
18094,3017.2999999999993
12428,7877.2000000000035
18149,612.0799999999999
17174,59.9
17031,380.35
12864,147.12
17674,551.0400000000001
15919,639.8899999999999
14867,701.3300000000002
16062,1153.619999999999
15326,311.71
14627,-21.849999999999998
17334,306.6
16425,302.69999999999993
18257,2265.3799999999997
16566,614.01
14231,822.0600000000001
16040,1313.55
15800,699.0799999999999
18064,814.0
12697,939.0199999999999
16499,319.1
13627,1624.02
12678,17588.260000000002
12553,3652.249999999998
13700,2265.12
16843,10183.820000000007
14782,200.10000000000002
14659,2456.5300000000007
13728,1016.1399999999996
16494,826.5299999999999
14803,845.5500000000002
15676,3324.0899999999992
15092,457.80999999999995
14915,258.83
15944,325.1
18086,101.33999999999999
13499,1146.96
15861,3000.3599999999997
17060,234.24
17701,417.95000000000005
18079,3651.969999999999
12987,545.0
15453,1388.37
17414,778.0
13678,232.60000000000005
14947,290.82
15350,115.65
13145,614.77
12763,494.08
17236,916.13
17752,80.64
15664,358.63
13048,1805.9099999999996
17769,3960.63
14411,1063.0
13824,1698.94
13340,10736.480000000001
16005,615.3899999999998
15414,774.8999999999999
12463,1303.6299999999997
13389,797.96
17109,869.6799999999998
13070,228.8
14241,213.70000000000002
16364,707.04
16029,50992.60999999996
15301,5028.12
14708,1096.67
14684,1236.2799999999993
17231,3127.8200000000033
16271,1423.29
18223,6315.230000000002
12410,681.0799999999999
13414,1390.5
15572,2552.8600000000006
12759,1531.44
17164,2466.4000000000005
14240,890.3400000000003
14689,112.80000000000001
17469,1843.0600000000002
18160,638.0600000000002
14561,1080.7599999999998
12615,2291.1900000000005
15007,156.91000000000003
13224,2150.850000000001
13814,1562.12
17017,8574.110000000002
14236,490.86000000000007
16722,4711.210000000001
16700,5040.000000000003
16065,372.0900000000001
17700,2508.8900000000003
16560,816.5099999999999
12724,1031.41
12609,1126.85
13405,572.4509999999999
13330,1140.9299999999998
17162,1707.2099999999996
15125,11117.05
18224,158.95000000000002
13900,740.9499999999997
15935,416.8600000000001
18009,252.24000000000004
16054,783.8999999999999
17690,4748.450000000002
14702,3250.6400000000026
17251,283.28
17293,1875.11
15197,656.44
13672,-71.45999999999998
12359,6245.530000000001
13804,2635.789999999999
16957,416.64
16180,10217.480000000001
14747,294.3
17140,465.32
16966,2148.4700000000003
12573,160.54
15757,714.42
13320,1491.7000000000003
16357,658.8799999999999
13235,101.16999999999973
13850,1586.8099999999995
15380,1682.3600000000001
15777,1021.6100000000001
15620,1524.3999999999996
16711,1651.0300000000002
14672,765.55
14295,154.7
16034,437.69999999999993
15579,348.6
17431,403.30000000000007
13716,138.28
13591,1117.13
16617,151.85000000000002
13719,1041.6799999999998
16258,5203.509999999999
14873,519.68
16009,992.7099999999999
13940,839.1399999999999
17173,3755.6499999999987
16143,2419.8399999999997
13155,971.76
13963,664.54
16904,3754.2700000000023
13078,12432.279999999999
14987,326.4
12988,535.32
18078,336.13
14173,450.8400000000001
13435,3794.4899999999993
14331,462.65999999999997
17656,1674.6899999999998
14898,1228.3199999999997
17591,2215.020000000001
17870,1889.4
16367,804.4899999999998
12931,33462.81
16279,1496.6800000000007
14897,1366.38
16126,6287.77
15671,2635.4900000000007
15433,417.86999999999983
16092,779.3599999999999
17892,244.10000000000002
13311,598.57
17548,-141.48000000000002
17863,3159.9999999999995
13564,647.7400000000006
13092,459.83
13551,91.80000000000001
15215,615.99
13012,1311.6200000000003
13753,741.26
16036,758.9200000000001
14129,1123.86
17088,1991.0099999999995
14719,1592.1799999999998
17440,177.09999999999997
15717,150.3
14512,275.28
14271,112.32000000000002
16007,1701.940000000001
17658,485.88
16298,598.1999999999999
12379,850.29
13667,305.0199999999998
13370,721.3200000000003
16306,602.2700000000001
13238,680.8300000000002
14426,3918.9000000000015
17848,901.2000000000003
13233,605.12
17800,1199.0100000000002
15213,325.04999999999995
17035,388.33000000000004
14520,270.6
17034,734.57
14607,11341.1
15178,40.5
13695,2504.13
13740,350.75
16611,120.99
13482,184.64
13450,2043.72
12787,463.65999999999997
13186,1539.6899999999998
17243,8628.550000000003
16550,2266.249999999999
17068,4531.340000000001
14440,2357.6800000000003
12539,3852.499999999999
12736,234.00000000000003
16407,2126.9300000000003
15843,118.95
13718,306.55
12633,2140.6299999999997
15656,748.5
16172,1140.21
16624,810.5699999999999
16794,1201.5100000000002
12571,519.61
14573,1603.7200000000014
13481,1776.8099999999995
12621,13612.069999999996
14646,279489.01999999944
15266,119.30000000000001
12388,2780.6600000000008
14068,265.85
14665,1258.3800000000003
17881,133.35000000000002
17374,495.7699999999999
15308,302.27000000000004
14059,183.59999999999997
16399,408.57000000000005
12493,416.79
13686,72.0
14690,358.61
12534,1089.18
12586,179.94
15078,9623.350000000006
13240,663.65
13230,2763.4099999999994
17865,10158.53999999999
16923,6666.829999999995
13668,6216.07
17214,984.1199999999999
15985,1037.4200000000003
12620,1339.4099999999999
16091,315.06000000000006
15184,406.76
13563,777.53
15149,520.8
13928,464.57000000000005
14395,3471.9100000000003
12441,173.55
16735,2269.21
17786,278.74
14457,113.64
16441,381.2
16788,597.4799999999999
17042,1044.3800000000003
16990,179.0
17764,818.8199999999999
12378,4008.6200000000013
12838,683.1299999999999
16010,407.49999999999994
16202,365.27000000000004
12970,452.23999999999995
15167,162.99999999999997
18250,342.92
15903,5126.339999999999
16518,480.9200000000001
14272,437.96000000000004
16170,1880.4199999999996
12363,552.0
14834,1698.35
17443,534.24
12700,4867.989999999999
15042,135.93
13780,360.01000000000005
13507,2479.16
15089,2420.84
12947,1407.29
17085,1555.05
13922,172.24999999999997
13881,16989.52
14817,1110.3399999999997
16216,914.9300000000002
15674,1744.0199999999998
17930,1740.48
16633,2878.1499999999996
16418,675.27
13365,2191.2200000000003
13283,93.66
13343,303.93
14222,683.17
13379,572.5599999999998
17428,17078.449999999997
14794,1272.11
14048,375.1299999999999
15970,314.1
13931,1230.9300000000005
13268,3167.639999999999
15068,553.36
13826,174.65
13319,10664.34
14107,2688.48
14159,4678.299999999997
18141,-35.400000000000006
16282,168.3
17128,157.09
17027,848.5899999999996
14497,457.4699999999999
16434,1522.2500000000005
16128,1880.22
16309,686.6700000000001
13474,229.58999999999997
15063,370.79999999999995
17579,440.19999999999993
15118,244.8
14796,7839.509999999994
15079,893.66
17580,215.72000000000003
14146,2949.57
15527,2348.8200000000006
14842,2456.800000000001
14386,142.4
16414,126.25
16681,1770.3400000000001
14912,841.52
16647,214.06
14937,1617.63
14768,139.50000000000003
17381,20272.429999999993
17339,243.36
17799,3026.080000000001
17146,749.78
18260,2595.000000000001
12957,3979.040000000002
12480,3281.6300000000006
13362,3085.4899999999993
14071,1307.4100000000005
13662,879.0799999999999
14851,511.34999999999997
15265,1506.1200000000001
16690,208.63
13135,3096.0
15743,784.4599999999999
14383,1247.69
12627,4478.5300000000025
17320,1200.6200000000003
15005,6180.489999999999
17576,3457.7800000000016
14737,1164.55
13614,1610.4600000000005
17711,385.1
14504,673.2599999999995
13821,385.64
16105,336.96
13952,3246.091
16750,623.93
14705,179.0
13115,2205.63
16531,1244.5900000000001
18256,-50.1
17365,4801.5599999999995
15422,97.7
12676,1331.3899999999999
14778,730.8599999999999
15796,2666.6100000000006
14211,2208.2999999999993
16217,259.39000000000004
13899,388.52000000000004
17278,246.04000000000008
13976,357.9800000000001
18112,352.69
12464,1212.0500000000002
15406,426.6099999999999
13610,1115.4299999999998
17725,3371.1300000000015
17578,124.73999999999998
12592,437.6
14682,52.0
12449,4067.290000000001
15679,781.2799999999997
14722,187.91999999999996
14076,122.46999999999997
15498,12396.460000000003
16701,5150.2699999999995
13124,3866.329999999999
14130,483.85999999999996
16378,362.95000000000005
13636,941.6199999999999
16667,570.13
12541,981.1799999999997
15210,331.18
17123,345.29999999999995
14305,1803.7600000000002
15120,343.8199999999999
14594,379.83
14901,1414.99
14739,3899.1
17530,2385.000000000001
12540,13309.039999999994
16996,1427.46
16892,496.8399999999998
15227,1219.3999999999996
16496,1562.2200000000003
13809,155.05
16692,1276.0
17738,1863.3500000000004
14247,136.77
18189,1084.34
14021,631.9000000000001
14700,2235.3
16107,3204.1600000000003
13663,189.47
16287,142.5
16725,775.0700000000003
16814,6500.600000000002
17406,1928.72
15680,1333.6799999999998
14057,6147.4000000000015
13527,2263.7600000000007
12625,2614.3199999999997
16208,664.26
15087,306.94
16384,584.5
12831,215.05
12545,1000.39
15214,1661.4399999999996
14697,188.60999999999996
13391,59.8
15434,997.48
16050,137.9
13705,711.86
14748,1311.79
13599,5030.6
13327,3617.5699999999997
14878,1485.5400000000002
12944,604.51
14553,859.2699999999999
13082,3595.4800000000005
13656,379.65000000000003
12845,354.09000000000003
12758,2791.59
15756,532.9599999999998
15665,2242.0100000000007
18013,187.29000000000005
16898,444.46000000000026
17616,571.2
13140,423.72
12577,595.3999999999999
15160,158.16000000000003
13187,236.01999999999995
16850,332.40999999999997
13064,1119.4899999999998
16124,187.15000000000003
15448,494.64000000000004
13606,280.53999999999996
13151,1250.3700000000003
15220,1758.92
17133,4892.24
17664,604.6400000000001
16852,144.91000000000003
17891,203.85999999999993
16161,5352.970000000007
14189,4604.3099999999995
16059,1459.8600000000001
13569,373.75
15358,8234.799999999996
13102,6336.290000000001
17912,295.61000000000007
17338,6612.1799999999985
16262,-31.65
12728,836.33
13819,1140.35
18136,761.8299999999999
17667,2055.5099999999998
14981,102.11999999999998
16729,7076.279999999997
17887,111.35
15107,247.65999999999997
13011,50.550000000000004
16710,2483.0399999999995
13173,353.65
12942,683.9000000000001
13396,1325.2899999999997
14127,709.7099999999996
17686,5739.460000000002
16709,3029.8700000000003
17758,3456.7
13525,628.78
12690,389.00999999999993
16239,372.9
13715,1053.9399999999996
16233,422.13
14206,308.25999999999993
17090,2041.8500000000001
16567,865.5999999999999
14238,146.85
12637,5953.250000000002
14341,2166.379999999999
13462,143.25
16639,1169.3799999999997
15143,259.45
17047,1100.9
14443,1400.8799999999999
17552,909.96
14083,1018.43
14506,2012.17
16163,441.6000000000001
12415,123725.4499999999
15910,1232.1799999999998
13709,6249.109999999999
17604,309.36
18202,1396.9900000000007
14631,1006.98
14530,2925.9100000000008
17867,622.75
16426,1908.2499999999986
15140,2350.0
17096,992.6800000000002
15201,927.8400000000006
18120,111.14999999999999
13062,346.98
17252,353.8599999999999
15369,-1592.49
14116,1382.7400000000005
17450,187482.16999999998
14866,14197.450000000008
15392,1515.7299999999998
12383,1839.3099999999997
14442,1544.6200000000001
12645,1755.38
12505,-4.5
17139,10585.570000000002
13014,3365.4300000000003
15669,677.6900000000002
13479,291.0
17015,1842.5600000000004
17405,967.22
13090,8689.390000000001
12915,363.65
15021,1872.2799999999993
12818,1517.8799999999999
13723,199.85000000000002
13561,141.86
14651,654.5999999999999
13546,626.9899999999998
14503,3543.2600000000007
15623,301.03
16557,281.85
13218,62.64
12433,13375.869999999997
12779,3868.7000000000025
15373,2213.1100000000006
16931,4604.219999999994
15880,313.28
16350,1100.4699999999996
17696,2201.0500000000006
12434,765.1899999999998
14653,1947.549999999999
13750,1647.26
14761,255.89999999999998
14227,3315.710000000001
15709,133.25
16517,162.70000000000005
13956,1026.4199999999998
15030,518.28
13934,922.0999999999997
18273,204.0
17061,5116.13
15561,722.7400000000001
14859,1352.04
16498,86.12
15298,3774.0999999999995
14243,2535.8799999999997
16656,8568.240000000002
16727,272.81999999999994
16938,1903.1300000000015
16072,584.3199999999999
16778,245.94
15381,596.85
13626,257.22999999999996
17409,771.8499999999999
14623,869.3499999999999
15095,1364.6999999999998
16275,559.8699999999999
12689,1247.6100000000004
14821,48.800000000000004
14201,688.04
18106,430.6999999999999
14233,1447.5100000000002
16403,161.04999999999998
15407,1056.4399999999994
16427,241.06
17749,674.5199999999999
17719,5367.800000000001
15521,2574.6500000000015
12596,618.27
17670,205.7
18146,160.35
12710,1130.5700000000002
17797,780.4300000000001
12624,641.13
12450,197.88
17960,73.78
15261,254.82000000000002
13941,4912.410000000001
15048,380.56999999999994
12928,2062.7
15845,3650.87
16084,436.17999999999995
13475,1431.7800000000009
13121,254.7299999999999
15249,6657.3600000000015
13632,2117.0200000000004
14844,3189.8100000000004
15212,88.94999999999997
13505,4282.880000000001
17893,112.25000000000004
18242,2232.49
13885,506.8000000000001
12790,324.9200000000001
12802,412.5799999999999
17857,26763.340000000004
15366,602.5100000000001
17343,193.63999999999996
15661,309.8
13451,2916.45
15606,2422.64
13590,1976.1199999999988
14012,328.8
16245,1352.3600000000001
15891,524.52
13741,666.3300000000002
16302,212.82
16210,21086.299999999996
17990,630.84
15512,121.0
16833,1106.53
16493,1329.66
13208,1205.8999999999999
15047,343.62
13169,712.8799999999999
13731,610.5899999999999
14973,1314.4500000000003
16644,833.7799999999996
14960,221.27000000000004
15041,180.35000000000002
12560,2101.39
13925,616.6499999999999
18229,7276.9000000000015
13069,3717.8199999999997
14673,1736.3999999999999
14299,2855.349999999999
17526,706.7
15179,2186.2000000000003
15033,2571.0200000000013
14428,1230.1400000000003
14438,131.9
17175,1430.94
13971,2702.2200000000003
17923,207.50000000000003
18280,180.6
12901,16293.099999999999
13863,299.56
16614,506.18999999999994
13080,58.08
14259,120.0
12963,1841.0299999999997
13969,8986.689999999999
16083,1317.6200000000001
14701,2486.2200000000007
13871,6389.800000000005
17107,10380.430000000004
15554,217.2
16976,251.51999999999998
16398,1631.1500000000003
12569,4064.989999999999
16325,510.54
17436,216.29999999999998
14342,607.71
14704,1546.91
12716,1053.4899999999996
13513,205.09999999999997
16042,1147.3700000000003
16033,8727.609999999995
14907,3478.8500000000013
16385,555.8900000000001
16717,3278.3600000000006
18004,169.46999999999997
13999,3865.26
14373,76.55
13799,688.8599999999999
12614,315.59999999999997
16511,950.26
13059,183.4
15768,581.83
13427,582.6
17987,198.57
14388,3172.039999999999
13756,5145.12
12417,3578.8
13883,2538.75
12997,1197.94
12823,1759.5
14754,638.05
17063,1421.5900000000001
16838,582.9000000000001
14226,2201.6399999999994
17765,371.87999999999994
15135,127.14999999999998
12670,2986.1499999999996
16589,459.23999999999995
13758,3190.55
13113,10510.000000000002
15192,1044.3200000000002
14441,1545.14
18016,1483.56
13198,3384.0899999999992
12829,253.05
14913,1227.4300000000003
12778,804.2299999999998
14304,197.1
12714,4708.859999999999
15722,2181.21
13870,2751.25
17763,15.0
15528,229.32999999999993
15630,1180.4
15124,184.19
17024,95.85
15306,1174.35
15165,487.75
16638,1676.4700000000003
16817,1446.9500000000007
16252,-295.09000000000003
17816,36.559999999999995
17456,249.85999999999999
14329,4928.740000000004
16593,330.0299999999999
17714,153.0
14133,590.3399999999999
15971,4199.85
13394,2312.8
17507,605.5799999999999
14023,584.07
15737,1121.21
13223,163.20000000000002
15489,1090.0299999999997
12695,582.1
15897,222.05
17370,446.17999999999995
16174,1009.5500000000001
13930,337.3399999999999
14885,765.3199999999999
15291,4596.51
12720,5713.280000000002
17262,1253.3600000000001
16812,479.3500000000001
17820,-24.049999999999997
13600,219.51999999999998
13334,3536.819999999999
14636,609.85
15019,265.9999999999999
14633,344.9000000000001
15969,582.9
15389,500.0
17235,550.06
14185,197.65
15681,946.3599999999997
13708,296.87999999999994
13484,313.79999999999995
14262,2618.2300000000014
17289,936.16
13618,177.34000000000003
15839,1020.74
15513,14520.079999999994
16520,1036.6200000000003
15288,2306.5199999999995
18226,5192.100000000001
16730,702.7900000000002
13149,1676.0599999999997
16308,2560.0
18010,174.79999999999998
13647,1670.2199999999998
17115,806.9000000000001
13888,605.6300000000001
15467,511.88
17925,244.08
17802,1251.8400000000006
17218,1960.7199999999996
15032,4464.0999999999985
16579,-30.599999999999998
13502,292.0
14784,289.99
16109,611.88
12707,603.42
12902,138.68
13588,2445.119999999999
12394,1272.48
14397,2556.6799999999994
14765,254.10999999999999
17553,1487.6
16066,1521.8700000000003
15732,294.11999999999995
17449,2504.8600000000006
17633,1242.3399999999997
13001,9797.920000000011
13929,802.8499999999999
15065,3135.980000000001
15847,389.2699999999999
16808,288.42
16440,3640.67
14489,463.38000000000005
15734,1339.4500000000003
15412,190.53000000000003
13338,431.82
17724,995.6499999999999
15372,2007.4
12397,2409.8999999999996
15608,1093.68
14390,4592.470000000003
17228,1906.0899999999997
15822,885.47
16607,3038.67
12672,225.9
14572,2803.690000000001
16156,3024.62
13171,426.80999999999995
14371,100.5
13185,71.4
16620,178.96
17734,700.63
12684,2283.63
16642,679.83
13937,158.85
14459,1837.9199999999996
17514,208.65
17248,318.65000000000003
17511,88125.37999999992
16583,233.45000000000002
14298,50862.43999999991
14119,-19.9
17364,4455.730000000001
15510,250.0
15222,585.0
17929,834.5
15122,1612.1299999999999
13425,1624.2099999999998
15121,457.72
17856,1393.79
13043,471.57000000000005
13631,3021.77
15181,680.2799999999999
14498,1957.3200000000002
17288,1419.73
18179,1793.17
16321,230.7
14368,155.00000000000003
13901,2867.2000000000007
18277,97.63
14798,173.74
14562,4709.220000000001
15810,1145.4299999999998
13666,84.65
13035,886.6299999999999
14446,1039.5800000000006
13131,1039.3
12610,2057.9900000000002
14078,1049.3700000000001
18225,5361.019999999999
15945,181.0
13253,1030.3999999999999
17512,2920.040000000001
18231,2066.170000000001
16659,39.12
16205,761.3799999999998
17659,2954.75
13831,2202.99
14270,492.6499999999999
16359,1460.3699999999997
17356,178.21999999999997
17601,116.01
12876,2218.0200000000004
15609,270.03000000000003
17110,163.29999999999998
17408,32.65
13058,271.4
13848,1255.0
12551,168.0
13953,3515.6800000000003
14321,1530.7499999999995
13246,1922.1000000000006
14175,3108.0600000000004
14959,684.97
13865,501.56000000000006
13358,439.03000000000003
16374,473.02999999999986
13196,1797.7800000000004
13918,1212.84
18263,1211.0800000000002
13079,220.10000000000002
13777,25748.350000000002
16365,1540.42
18061,2119.4099999999994
17303,250.03999999999994
16551,922.12
16152,1829.04
14223,975.2299999999999
17054,1353.8300000000002
14286,4595.8099999999995
12844,325.96000000000004
12748,29072.1000000001
14491,340.93
13174,2817.0300000000016
13769,2771.870000000001
15805,5452.17
13787,309.04
17372,1342.6800000000003
15052,215.78
17540,570.4
16951,1262.7500000000014
14995,233.23000000000002
17134,424.99999999999994
13762,4.263256414560601E-14
14920,977.77
12674,1919.31
17897,541.0999999999999
15867,3797.7900000000022
17340,11891.179999999997
14544,2024.4500000000003
15611,1568.3900000000003
15749,21535.9
14916,1264.8400000000001
14934,1888.8400000000006
18270,238.95
12843,1680.76
16906,579.7699999999999
14515,2102.09
17651,3886.670000000002
12816,572.2
15299,3787.0900000000006
17227,939.3199999999999
16919,2596.4499999999994
17411,748.94
12872,599.9699999999998
17188,2275.58
17368,1349.5200000000002
14755,4965.380000000001
14976,765.8599999999999
14609,601.5600000000001
12811,514.85
16625,333.08000000000004
17351,587.15
15493,1967.2500000000023
16586,463.95
15036,465.5499999999998
15802,-451.42
14019,1398.96
15351,1862.1400000000008
13984,488.03000000000003
15361,418.9200000000001
12734,110.39999999999999
16875,2023.4700000000003
13693,-32.0
14224,1050.1200000000001
16660,810.45
12764,1693.8800000000003
17940,1983.5800000000004
16915,621.68
17716,5505.79
12669,1607.7300000000002
13570,239.49000000000004
13572,1384.25
12380,2720.56
14029,467.65999999999997
18127,348.73
12557,11990.96
14667,9231.2
13854,8025.019999999998
12510,982.57
13141,2385.7999999999997
14549,289.2399999999999
17537,897.6200000000003
13018,7272.749999999998
16182,6617.65
18056,363.65
14740,1423.2099999999991
13476,1092.7699999999998
14352,1078.96
12769,1143.6000000000001
15552,90.12
13492,1269.8400000000006
12976,738.6
12517,2464.8899999999994
14552,165.07000000000005
13933,608.79
15838,33350.76
15708,3329.7200000000003
17735,13110.02
16679,129.75
12753,21024.010000000006
17371,423.8899999999999
13033,190.54999999999998
16112,195.74
13162,1644.9899999999996
14114,386.53
14595,1740.6000000000004
15932,2461.8500000000004
12781,707.72
17654,117.54999999999998
13072,177.14999999999998
14886,364.80000000000007
13548,682.4099999999999
12426,582.7299999999999
17181,239.92
13270,590.0
13310,1083.6299999999999
17311,1384.85
14805,554.6500000000001
14460,383.34
13184,1648.7900000000004
15712,1072.3600000000001
16356,210.31999999999996
15182,622.8499999999999
16256,732.6300000000002
12792,400.54
18185,304.25
15442,594.0
13962,169.55
14626,2757.0699999999997
14005,2874.7199999999993
15729,62.0
18203,160.42000000000002
15776,241.62000000000003
13013,4786.990000000001
17442,2210.2600000000007
16705,13946.130000000001
15759,253.04000000000002
16409,2028.8800000000003
14502,2351.0200000000004
12990,409.5
15550,575.63
18196,689.1300000000001
16212,681.19
17426,5022.26
16712,3645.4300000000007
13592,247.95999999999998
17979,737.8099999999998
15045,633.66
18287,1837.28
13437,3408.0600000000013
16739,312.55000000000007
17877,237.61
12977,39.24
14400,559.7
17649,861.74
13747,79.6
17920,4204.100000000002
16752,207.5
12681,13677.59
14176,574.0
16293,2236.7400000000007
18230,2716.6000000000004
17880,458.91999999999985
13266,3717.67
16037,855.0200000000001
14312,1611.5899999999997
13385,534.5700000000002
18069,2021.819999999999
17795,350.3899999999999
14267,1279.0899999999997
14758,1484.0599999999995
13294,873.7399999999998
16454,-8.15
17597,2044.3700000000003
18119,181.11999999999998
13211,1197.4199999999998
14560,2174.18
16686,3043.4800000000014
12455,2466.859999999999
18138,152.65
16940,3049.879999999999
18210,2621.3799999999997
15437,200.16000000000003
13950,728.56
13692,1466.8700000000003
13055,1201.9599999999998
18204,1979.2999999999997
18281,80.82
17997,1511.3000000000006
16866,207.73999999999998
16989,1133.25
14857,1165.6499999999999
13167,791.3299999999999
14849,7904.279999999999
16546,-95.92999999999981
16983,1920.1999999999998
16654,594.9699999999999
15211,894.4100000000001
17827,1995.4600000000005
14309,2319.6800000000003
13764,1521.7599999999998
13593,1990.2799999999997
15799,884.1400000000003
15687,2981.5
16618,2630.6399999999994
15981,3408.4799999999996
16841,1774.6200000000001
13227,257.7
17490,1926.8800000000003
15016,170.04
17695,765.34
16616,500.4200000000001
13448,3465.6700000000014
15525,811.0199999999995
13649,346.6000000000001
12668,3743.1800000000026
13165,1021.4799999999999
12939,11581.799999999996
13068,344.0
13744,1156.3600000000001
13410,988.9099999999999
15951,669.5699999999999
16471,223.95
16249,1800.0700000000004
14199,185.39999999999998
18142,1014.8999999999999
17349,110.75
15507,492.35999999999996
17298,498.4200000000001
17905,800.24
13846,847.6100000000002
17306,8600.730000000001
17256,240.0
17050,3228.84
17348,1159.5200000000004
12458,947.4000000000001
15675,323.69
16225,1096.32
16135,517.5499999999998
15754,455.67
14820,507.2900000000001
12427,708.3700000000001
15545,292.72
12721,2628.9800000000005
13209,5820.159999999998
17194,262.62
16556,3313.7900000000004
15641,1887.2000000000007
13534,5613.080000000004
18176,448.65
12501,2089.68
13263,7454.069999999998
17418,463.46000000000004
17644,2768.9799999999996
13309,1456.7900000000004
13421,1848.98
12623,305.1
17921,826.52
15625,1504.5600000000002
14868,2939.6400000000003
16877,853.72
17234,149.89
16276,810.6000000000001
16456,2158.3700000000003
13402,621.2300000000002
14081,904.67
14215,1777.9200000000005
12483,2327.1300000000006
18095,580.05
17082,2003.85
13002,120.94999999999999
17376,203.2
18017,523.0
17612,1992.7600000000002
14745,1167.1599999999999
14957,58.49000000000001
14924,310.05
15109,463.75
16193,314.45
17217,113.5
14421,813.1099999999999
16342,322.41
12930,409.90000000000003
17065,-112.35
17581,10736.11
13506,452.82000000000005
16782,2242.2499999999995
17975,4393.610000000003
14639,2952.34
18233,440.0
13815,4014.91
16897,213.03000000000014
17422,1853.1299999999997
14727,268.58
14840,62.85
15251,10327.11
13376,1019.7600000000001
14288,413.85
14731,380.02
14277,3957.000000000001
16484,379.4000000000001
17828,1599.9700000000003
13849,1537.9499999999998
14002,529.73
12405,1710.3900000000006
17229,318.76
14142,311.81000000000006
14256,935.06
16945,4345.499999999999
12643,3344.6400000000003
14046,154.98999999999998
14962,126.70000000000002
12514,1017.6800000000002
17212,226.85
15134,1387.99
13989,1266.08
16448,188.89
14816,271.85
18135,681.9100000000001
17360,585.79
14795,131.45
17460,452.63
14047,1290.0100000000002
17838,2312.7000000000007
17858,5155.66
14487,1183.5799999999995
13495,1990.12
12683,8221.089999999998
14577,859.7100000000006
15281,2239.95
12594,3320.22
16110,1337.480000000001
17472,710.2900000000002
16768,458.03999999999996
17102,25.5
14340,134.7
15804,3848.5499999999993
15863,68.84
15411,1346.3799999999997
16447,259.0099999999998
16955,493.67
15605,1198.2300000000002
14696,2070.9700000000007
12647,3669.920000000001
16422,33805.69000000002
16086,1119.3100000000002
16003,2735.370000000001
12484,4495.27
16757,106.83
13725,1809.8100000000002
12507,1258.06
14346,1021.5800000000002
17002,1487.78
17416,6838.339999999998
12878,841.6399999999999
15813,1303.9099999999999
13658,2421.47
14178,1620.9299999999996
13075,919.61
13138,962.39
14576,35.400000000000006
17954,2295.370000000003
17676,1383.2700000000002
16873,7066.309999999999
17454,517.5300000000002
14985,296.7499999999999
17707,152.39999999999998
13107,1524.0700000000002
17569,344.13999999999993
13742,3102.420000000002
18114,220.1
17272,2144.5299999999997
14235,3093.8599999999997
14022,440.0
14463,529.62
16581,70.44
13669,218.54999999999998
16186,3991.9400000000005
16658,123.24
12826,1468.12
12726,2609.1000000000004
15139,178.96000000000006
13538,1280.85
12528,1922.2800000000002
12653,2209.8500000000004
16980,1078.9600000000005
15874,4330.67
14232,2043.9299999999998
18236,882.2399999999999
12886,1351.09
14883,756.64
14285,1910.0100000000004
17159,1534.7300000000007
18122,1826.2100000000019
18262,149.48
14688,5107.380000000003
15235,2247.5099999999998
17315,6204.460000000001
17621,1336.1000000000001
13837,271.24000000000007
14467,598.76
13110,1452.8700000000001
15589,456.58
15226,154.41
13137,3605.079999999999
14379,348.09999999999997
18155,347.82
16823,358.37999999999994
18232,582.47
17169,816.88
12833,417.37999999999994
15858,1438.8500000000004
14621,1765.7600000000002
15316,165.0
12693,830.9599999999997
15864,1769.7800000000007
12352,1545.41
12866,559.1199999999999
15869,149.64
16837,3167.7300000000005
15123,2199.3099999999995
13395,307.72
16872,680.02
16324,428.6799999999998
12465,733.89
13217,133.62000000000003
14517,330.45000000000005
15271,2485.8199999999997
17671,1284.08
15246,514.1500000000001
16349,53.5
16598,140.70000000000002
13373,3312.250000000001
13985,7024.530000000002
13867,1015.2900000000002
16139,635.41
15578,127.1
15256,98.45
13089,57385.88000000011
15555,4758.199999999993
17646,995.6599999999997
17375,372.49999999999983
13324,7072.800000000001
13501,1310.4699999999998
16804,536.99
16023,719.81
12604,254.18
15424,383.34
16162,37.4
15917,123.10000000000001
12999,455.8799999999999
16188,981.8599999999999
15436,1122.53
15826,1649.3600000000001
15349,473.80999999999983
13617,544.1800000000001
13296,87.4
14911,132572.61999999994
16713,6840.23
16570,3622.95
14320,343.11
17226,393.48999999999995
17105,665.7800000000004
12616,657.25
12361,189.89999999999998
14762,300.52
17733,692.19
17250,384.52000000000004
13512,251.20999999999998
12456,3153.890000000001
14000,633.71
16987,1625.0500000000002
15791,1604.4400000000003
18073,3864.4400000000014
13699,308.58
14511,1267.4099999999996
14024,327.7
13455,1007.3499999999999
13021,2584.4000000000005
14258,12650.079999999996
17118,157.02
14738,1289.9399999999998
17329,523.11
12897,216.5
14162,289.36000000000007
17367,168.4
16320,1038.46
14691,2114.33
13258,698.58
16763,594.9000000000001
14053,260.25
15198,193.64
17951,990.8400000000001
13491,1215.8200000000002
18239,1561.6099999999997
16718,623.7500000000002
16950,1178.56
15456,447.2200000000001
13304,300.4199999999999
17284,1641.6800000000019
14167,574.8399999999999
18172,7490.170000000001
17117,116.19999999999997
15643,647.4000000000003
15147,608.65
16121,867.1099999999999
13990,311.3
15921,336.03000000000003
14456,3047.630000000002
15205,648.8299999999999
15279,277.40999999999997
15596,1343.3400000000001
12377,1628.1199999999997
14090,76.32000000000001
16619,204.41
12619,3214.8100000000013
14759,1625.9700000000003
16963,110.55000000000001
17642,712.2900000000001
12747,4196.009999999998
15899,56.25
15180,87.5
12673,610.52
17673,1622.2200000000016
18159,530.1500000000002
14481,636.5100000000001
13973,264.7
12584,1893.9499999999996
13771,2631.7000000000007
13005,468.95000000000005
17582,175.27
17631,528.33
14819,272.07
14729,313.48999999999995
16241,2607.870000000002
15998,3084.17
12924,929.95
15395,107.45000000000002
15144,6530.040000000003
12891,331.0
15990,792.1100000000001
17956,12.75
15775,104.9
17854,311.26
13763,1689.4599999999998
16488,492.2
14045,1659.75
17961,1296.440000000001
12967,1194.75
18269,138.89999999999998
18065,2380.08
14401,4039.9799999999987
16332,1583.2000000000003
17829,889.24
15622,3224.530000000001
13382,222.99
12547,207.8
15225,409.4000000000001
15907,967.4499999999995
16463,1383.7
16825,775.18
12412,1226.8799999999999
17962,102.82999999999998
17841,40340.780000000246
15955,4389.810000000001
14161,1110.52
15502,5541.460000000001
16525,11895.570000000002
14543,2916.1699999999996
15101,310.03
17849,605.8
13158,1201.06
12477,13117.009999999997
16652,6654.260000000002
13299,142.5
16672,8093.590000000001
17723,3276.4
13972,190.25000000000003
12635,1689.1799999999994
12521,599.6800000000001
14865,52.2
15660,1552.0099999999998
12503,-1126.0
12735,779.5699999999998
13280,814.8600000000001
18198,5083.060000000003
14239,2323.5
13894,535.97
17302,1119.9299999999998
16045,1340.7000000000003
15104,1002.54
13760,286.78999999999996
15952,806.5699999999997
14393,67.94999999999999
16832,199.15000000000003
17410,1214.7199999999998
16184,1155.54
18165,302.46000000000004
16344,101.10000000000001
17693,187.02
14741,1400.3400000000001
17491,3541.919999999999
16816,417.06
16600,813.52
17555,483.26
15577,258.8799999999998
14632,114.55999999999999
17489,376.64000000000004
18072,-5.5067062021407764E-14
17731,878.1999999999999
17653,1175.88
14092,4063.1000000000013
13520,3487.749999999999
14293,1046.5599999999993
15581,3429.9700000000003
18116,1418.0300000000009
14016,4328.46
13144,110.94999999999999
13862,2187.310000000001
12820,942.3400000000001
16912,2528.67
12908,246.0
17516,768.0799999999999
15067,1744.7599999999998
15624,588.1300000000001
14790,745.0600000000001
13555,4149.280000000001
14622,320.58
12386,401.90000000000003
16519,215.08
16810,275.64
14221,3427.850000000001
16222,846.7200000000007
17994,629.6899999999999
17697,338.95000000000005
14948,1066.57
12590,9861.380000000003
14583,1052.5500000000002
16869,805.6199999999999
12798,6977.04
17412,1258.06
17470,1125.0699999999997
15312,921.1000000000001
16748,1515.8999999999996
16943,816.7299999999999
13754,282.6
12468,724.04
18125,1141.3399999999995
12372,1298.04
15303,574.02
18151,653.3499999999999
12945,462.95000000000005
17770,1143.2699999999995
14670,411.5300000000001
16621,813.48
15819,1905.4499999999998
13037,881.07
13573,294.4
17648,1789.5500000000002
14323,574.2600000000001
14149,259.43000000000006
14699,109.12999999999998
15730,1108.38
16818,3317.9700000000003
14963,1487.8000000000002
13936,361.28
13023,689.9000000000001
13576,6703.299999999998
15601,6745.359999999997
14466,2272.4
12649,603.71
16665,135.4
17239,379.95000000000005
13565,240.22000000000003
12524,4485.720000000001
17064,859.35
14692,582.0500000000001
16523,9295.670000000002
13995,1383.4899999999998
13308,1367.6100000000001
12809,484.36
16149,280.52000000000004
14625,848.48
13269,5315.920000000002
16858,345.8900000000001
16019,3450.24
15854,2974.6500000000005
12490,5417.93
16206,537.06
14895,11020.26
13932,307.4
17361,488.19999999999993
16444,638.7700000000001
15258,623.1600000000001
16229,1010.5999999999998
18101,223.64999999999998
16102,1842.1400000000003
12855,38.1
13178,5725.470000000001
12527,348.71000000000004
17862,330.9
12402,225.6
15421,950.3599999999999
12599,1032.5800000000004
16462,102.0
17092,1777.7799999999997
16807,1121.59
14875,1448.7199999999998
15289,935.1000000000001
15119,266.4
15376,1233.3600000000004
14655,1930.15
16474,1811.4700000000012
13277,258.4
14766,2423.0699999999993
14449,907.0999999999995
14409,1908.25
15965,845.64
17158,1266.9699999999998
14220,632.4
17075,813.7700000000002
15090,381.32000000000005
15150,5303.970000000003
16809,912.7400000000004
14711,2838.200000000001
17051,247.14
17266,310.64
16203,589.15
15240,1685.57
14810,2087.879999999999
17402,2633.8500000000004
14850,278.15000000000003
13842,3385.620000000001
15723,203.1
16676,1558.7199999999998
15831,747.7600000000001
13684,64.23000000000002
14157,400.4300000000001
13265,2107.6600000000003
15445,113.5
12949,4143.02
13515,891.1199999999999
18220,297.78000000000003
16227,308.32000000000005
17501,288.59999999999997
17970,582.5899999999999
14009,685.9299999999998
13833,384.7999999999999
16041,3166.4
15494,1299.2300000000005
14723,1158.2999999999997
18109,7925.32
17917,341.28
17611,3947.870000000001
16670,4022.460000000001
12413,694.1500000000001
13473,417.54
16030,331.24000000000007
13539,605.84
13893,821.1
15321,2650.7300000000005
14936,8117.420000000004
16392,221.19000000000005
12733,383.95
15517,267.03000000000003
16008,478.78
12732,236.2600000000001
18144,2888.7500000000005
15694,6423.6
12600,2581.0400000000004
17860,252.79999999999998
14413,122.7
18097,2692.8499999999995
14188,2018.9100000000003
12502,3723.8699999999994
12852,299.75
15644,812.9999999999998
14546,2487.02
12656,3982.720000000001
13243,600.07
12438,2906.85
13645,252.1
17287,1064.1100000000004
14679,-2.55
13611,1158.2
15780,475.28000000000003
13183,3957.7799999999997
14229,1450.6
17048,864.3199999999999
17602,5050.769999999999
17180,780.3799999999999
12754,2949.12
16063,335.32000000000005
16696,657.9
17746,98.80000000000001
13835,834.5700000000002
15402,626.7699999999999
16529,455.25
14493,2362.840000000001
14829,644.6500000000001
18156,734.9399999999998
17341,781.3600000000001
15713,346.75
16442,616.7899999999998
17404,30300.819999999992
15290,7803.77
15615,10360.040000000005
14769,10641.599999999993
17007,877.4300000000001
13487,575.4000000000001
17593,3911.5600000000004
14732,2686.3399999999992
16497,2965.69
16918,1043.3400000000001
16405,167.25
16115,1667.9700000000005
14693,172.9
12982,377.2
17704,885.1899999999998
15912,264.62
13404,252.48999999999998
15187,4670.08
13192,911.94
14921,1316.0700000000002
15705,143.10000000000002
16762,1501.3799999999997
13813,1353.4099999999999
17788,1117.9
17855,208.96999999999997
16013,33366.25
16927,543.0500000000001
17041,1065.77
16153,1824.23
12451,8933.52
15257,232.14999999999998
14110,5669.65
15703,211.5
12399,1108.65
13232,1357.6000000000004
14593,617.99
17562,1107.38
16200,1080.62
18180,1843.75
17211,2299.6700000000014
14344,889.9300000000002
13126,2056.2900000000004
15529,3967.779999999998
16270,1141.2399999999996
13284,196.15
15820,206.98000000000002
14049,5639.149999999998
16755,1484.6299999999997
14461,2103.059999999999
16209,2262.62
13203,869.46
17142,579.0
12354,1079.4
17527,888.8600000000001
15069,1109.5300000000007
16140,703.77
15808,3724.7700000000013
12476,6546.580000000004
17114,747.2199999999997
17672,3106.6200000000003
18188,1998.4899999999998
13851,2651.46
15483,233.81000000000006
15449,971.22
13736,723.9999999999999
16022,628.2800000000001
15980,2398.8600000000006
16144,175.2
12701,797.71
15745,1071.2400000000002
13735,2766.1799999999994
14191,4660.01
13642,354.7999999999999
16250,389.44000000000005
13798,36351.419999999984
12793,545.48
15789,351.3
13874,540.45
16889,1578.6700000000005
15346,252.42000000000004
12437,4896.660000000002
13161,112.75
14194,11216.750000000015
12933,606.28
14447,1163.23
17931,408.36
16103,1429.6399999999999
14597,883.1500000000002
12406,3280.7500000000005
14984,213.27
15334,351.6699999999999
17299,669.1100000000001
14307,2995.72
17999,382.05999999999995
14479,316.24999999999994
17446,120.9
13292,578.94
13557,584.06
13262,200.29000000000002
15691,136.8
15244,631.57
16623,129.45
16097,185.05
12840,2714.269999999999
13637,810.4999999999999
18048,172.29000000000002
14265,530.1800000000001
16883,276.72999999999996
18055,6752.139999999997
12785,305.71
13317,2140.07
13817,382.98
18032,73.5
15569,1375.7100000000003
17988,191.17000000000002
16997,702.0
12664,4863.879999999999
13706,330.78999999999996
16466,1603.46
12516,1312.06
14100,194.9
15574,702.2500000000001
12971,10930.259999999997
12682,12288.220000000007
15356,2766.5
15881,438.24
12422,803.56
16714,911.5299999999993
17337,1944.3200000000033
15793,948.96
12407,1708.12
13841,85.0
15976,430.93999999999977
16744,1304.7599999999995
13420,140.35
12922,405.38
17464,289.96000000000004
18011,102.79
15860,977.2099999999996
14744,1088.53
16596,250.15
17076,841.0799999999999
18178,1573.4099999999996
17277,1065.3500000000001
12916,2982.350000000001
16572,999.6999999999999
15651,646.3
12622,180.09999999999997
17521,721.9599999999998
12444,5005.46
17391,508.8
12940,876.29
17679,1992.1100000000006
16574,451.43999999999977
15957,428.88999999999993
13832,40.949999999999996
15619,336.40000000000003
15790,220.84999999999997
12715,353.85999999999996
17172,313.26
12611,1193.32
12367,168.9
14420,385.87
16924,739.4999999999995
13483,140.34000000000003
16680,183.70000000000002
14714,160.19
16828,128.5
15604,216.39000000000001
17712,522.91
13188,114.60000000000001
16706,531.35
14660,285.73999999999995
15429,364.89999999999975
17154,329.34000000000003
16999,484.82000000000005
13504,295.93
12607,3.339550858072471E-13
13923,351.13000000000005
15740,154.88000000000002
17836,110.21
14752,389.63999999999993
14124,419.58000000000004
16119,423.36
14054,92.46
16295,1328.5500000000004
16506,90.30000000000001
15216,96.6
14284,578.4500000000002
16601,244.79999999999995
16505,777.6
17904,178.91999999999993
15348,158.03999999999996
12723,725.0699999999998
17502,689.0999999999999
15634,243.55
16800,1201.4900000000002
18174,104.0
12436,509.01000000000005
15091,476.96
16648,270.85999999999996
18014,166.42000000000002
15904,164.67999999999998
14658,247.14999999999998
17253,178.26
16968,439.4300000000001
14801,193.1399999999999
15557,473.65
17347,228.96
12566,346.70000000000005
15637,223.36
13594,396.96999999999997
18030,220.69999999999996
18105,113.48000000000002
13066,430.9000000000001
13170,116.01000000000002
17397,696.4099999999999
16189,215.47999999999996
13960,230.22
16930,380.55000000000007
15844,130.74
14703,318.1699999999999
13726,1079.6600000000003
15398,1339.6299999999999
17647,133.06
14554,2381.040000000002
18240,422.58000000000004
17297,131.78000000000006
15060,303.0899999999999
14687,628.3799999999999
13045,305.28
18278,173.89999999999998
14642,96.12
17081,290.1600000000001
15096,219.39
16366,327.3
14141,879.0300000000003
17070,312.13999999999993
17148,124.88
15531,2007.4399999999994
17637,547.06
18147,179.33999999999997
15263,156.50999999999996
18096,911.1500000000001
17737,168.24
17244,954.8999999999997
13416,712.5000000000001
17014,565.5799999999997
17549,148.86
16015,690.5399999999996
16056,664.85
16352,494.44000000000005
13040,676.9900000000001
14140,920.0499999999996
16000,12393.7
17573,362.8999999999999
17813,1714.6000000000024
13347,341.36
16243,409.09999999999974
17895,97.99999999999997
12893,188.14
13992,76.8
17985,634.9499999999999
14096,57120.90999999968
14333,351.45
16413,262.20000000000005
15345,367.69000000000005
12504,114.00000000000003
12659,91.68
17793,323.03999999999996
13372,378.64
16240,3693.8100000000013
18088,167.66999999999996
13685,3119.4400000000014
17545,645.9599999999999
14345,108.97999999999999
12882,1463.0399999999995
18209,139.10000000000002
13644,2597.5200000000013
12895,347.29999999999995
13422,2601.5500000000006
16921,169.79000000000005
18053,297.07000000000005
14317,508.58
14102,1314.7300000000002
14523,241.09000000000003
14830,197.13
16491,731.5
15516,62.43
15667,301.32000000000005
17566,901.2100000000007
16201,1821.5199999999993
15593,199.8
12536,4106.820000000003
17503,558.9599999999999
13431,1269.0999999999995
14598,221.97000000000003
14860,168.62000000000003
15540,213.30000000000004
14824,1127.7100000000003
13297,2089.8500000000004
14904,1025.4399999999998
18169,202.65000000000003
17852,114.34
12713,848.5499999999998
12965,771.9099999999996
17466,763.2800000000003
16561,511.12000000000006
12962,266.39000000000004
13228,358.0
17805,512.31
17785,131.94000000000003
16952,167.61
14436,89.06
17447,541.53
16688,1260.8600000000001
15330,714.96
16934,950.93
14474,537.71
14139,415.81999999999994
16732,603.7499999999998
16204,405.71000000000004
15958,104.35
16516,101.7
15097,248.07999999999996
13236,727.2700000000001
18059,296.71
17295,556.9499999999997
17119,593.6099999999999
14975,279.94
12558,2.6645352591003757E-14
13279,126.3
12519,340.84
17350,1256.19
13318,640.76
16024,251.23999999999992
17885,190.18999999999997
14089,161.0
14861,125.79000000000002
14638,443.6
12526,1316.6600000000005
16533,1026.9399999999996
14488,1047.4300000000003
16685,324.24
12513,586.7900000000001
15701,1542.14
15050,1727.1700000000005
15276,135.31000000000003
17382,65.4
16932,161.94
18123,589.4399999999999
16429,284.55
16400,303.93
15504,52.83000000000001
16591,213.5
16052,362.06000000000006
14354,163.62
15435,149.29000000000005
12349,1757.55
14785,77.4
14954,336.16999999999985
18015,120.03
17453,486.71999999999997
16104,302.36
16971,232.20999999999987
12391,460.88999999999993
14804,353.2699999999999
15801,1042.1899999999998
16236,432.19999999999993
14757,420.5
13351,373.94
15766,315.05999999999995
16595,360.1600000000003
12667,620.13
16311,616.26
13868,3192.54
16887,194.88
17623,527.05
13521,1093.6500000000003
15471,469.47999999999985
14020,642.8000000000001
13518,659.4399999999998
13689,910.0
12631,640.5000000000002
14349,133.50000000000006
13878,1281.53
15621,1158.7700000000002
18215,299.34000000000003
13356,768.2400000000001
17205,384.08
16372,367.92999999999984
15725,415.2500000000001
13596,697.04
13470,165.0
17433,303.16
17564,454.0099999999999
14815,778.5
17222,354.15
16895,219.13999999999996
13858,216.16999999999996
15478,1441.4199999999996
12966,160.18
15355,277.05000000000007
12638,671.69
16811,547.0699999999999
17772,182.76999999999998
13428,218.46999999999994
12442,172.06
16278,537.8299999999999
16909,364.14000000000004
14967,463.8
15963,470.7600000000001
12491,460.4000000000001
17901,110.38000000000001
17680,184.39999999999998
14387,1770.5600000000013
13247,501.12
13067,115.46000000000002
12936,1012.9000000000003
17506,294.28999999999996
14547,3986.739999999999
15977,1054.7299999999996
14216,1839.3
17313,2288.1299999999997
17513,513.2
13801,324.79999999999995
12719,608.0999999999999
13690,172.25
16284,823.9699999999996
16902,1706.88
17728,2515.680000000001
16613,618.59
14052,225.35999999999993
16406,163.07
15307,205.3
13314,578.6600000000001
16597,90.04000000000002
15074,748.8700000000002
12579,410.71999999999997
16513,874.5899999999999
15010,308.94000000000005
15432,171.19
13430,648.6899999999998
16747,826.96
12824,397.11999999999995
12827,430.15
17274,111.98000000000002
17357,388.1399999999999
17767,271.20000000000005
16536,539.02
17330,363.9
13193,117.88000000000001
17186,144.0
18027,115.30999999999999
13670,349.70000000000016
14518,174.37
14234,775.4600000000004
13182,121.17999999999999
14882,589.7
12762,1898.5200000000004
17510,308.48
13403,75.0
12879,552.57
13260,557.6200000000001
13471,2531.579999999998
15870,354.0899999999999
14675,604.7499999999999
17806,546.0399999999998
16820,497.61000000000007
13514,152.20000000000002
15113,3439.4100000000008
15066,760.5899999999999
14793,214.14000000000001
13844,361.62
16910,1510.060000000002
15947,1708.2400000000002
14799,157.7
14080,45.599999999999994
12729,453.0100000000001
14208,151.73999999999998
15466,334.53000000000014
16120,1294.14
13271,178.25999999999988
12374,742.93
16666,118.98
17385,261.11000000000007
14126,643.6300000000001
12650,314.44
13621,213.85
14508,276.41999999999996
13375,772.8999999999997
18035,730.4000000000001
13447,1104.2300000000002
14968,147.59
15463,126.14
15419,135.86
13812,538.9999999999999
12390,549.8399999999999
13721,524.14
13914,613.9499999999999
17896,256.32
17286,153.92000000000004
17958,508.4599999999999
16627,322.8
12475,723.38
16826,341.70000000000005
16720,155.23999999999998
17636,265.93000000000006
18139,8393.219999999996
14434,1372.8
13460,183.44
16070,852.15
14382,626.07
12452,428.57000000000005
12531,125.22
14219,89.94
15325,162.2899999999999
13321,567.36
15175,224.14000000000007
15814,1842.7300000000005
16846,214.32000000000002
16445,230.51000000000002
12587,144.0
16761,316.61999999999995
17427,100.8
16416,1026.9899999999998
17052,413.75000000000006
15458,161.64
13449,291.88
15115,340.11000000000007
13256,0.0
13099,207.35999999999999
18222,443.0
13390,544.0799999999999
13810,899.5099999999998
15853,110.80000000000001
14585,157.05
14416,490.22
18117,320.71999999999997
14204,161.02999999999997
17736,337.4899999999999
17183,3286.9099999999994
18255,103.3
17528,3540.1000000000017
17878,379.45000000000005
17221,335.13
12445,133.4
12702,219.0
14108,594.1600000000001
13927,348.99
15327,208.75000000000003
17500,1138.0
12538,363.95
15567,186.01000000000002
13177,282.45
13146,228.91
15877,440.78
16856,35.400000000000006
17911,366.23
15786,4834.200000000004
17777,665.86
12925,694.0499999999998
15243,316.68
12630,1270.8799999999999
12688,4873.810000000005
16653,1166.9200000000003
15930,426.63000000000017
17666,728.1599999999999
17934,704.25
17824,298.4
15469,504.50000000000006
17947,176.68
14385,202.11
17111,248.60999999999999
14158,507.66000000000014
17608,193.42000000000007
14725,718.08
18058,170.16
17100,971.74
13210,353.47999999999996
15322,602.9699999999998
17509,6100.740000000002
12357,6207.669999999996
15652,337.74
18001,417.23
12446,1002.3099999999998
18274,1.2434497875801753E-14
17650,166.07999999999998
16272,411.7000000000001
16796,305.62
14887,1862.0
15264,393.74000000000007
15473,1465.2
15783,246.3
18167,1355.51
14359,882.5800000000002
15075,773.0300000000002
13886,243.56000000000003
13980,200.14000000000001
13017,204.0
14578,168.63
15511,909.2300000000001
12640,1174.58
17475,194.36999999999995
14624,225.84999999999997
13897,311.15999999999997
15277,255.89999999999998
16784,107.6
17359,127.85999999999999
14452,264.44000000000005
16460,814.7199999999996
17006,781.7800000000001
13558,605.0599999999998
16020,851.0100000000001
16773,171.59
12512,138.03000000000006
12420,600.3900000000001
12544,355.7
15043,537.0
18194,895.9999999999999
15127,406.53000000000003
13845,312.98
16776,388.2799999999999
17203,3563.8499999999995
13028,659.6800000000001
14788,679.4399999999998
17254,272.44000000000005
12364,1313.1000000000001
14314,120.0
16360,3411.6900000000005
15368,446.94000000000005
14300,43.2
14067,374.69999999999993
14014,505.18000000000006
13429,1006.8000000000001
13732,491.86
14164,1631.7700000000002
14780,447.67999999999995
17620,81.44
16171,73.2
14764,250.55
18067,396.3300000000001
13091,319.82
14494,139.56
17153,213.77999999999997
13739,216.9
15653,877.4399999999999
13441,296.64000000000004
12884,309.05000000000007
18228,769.1999999999999
14125,2740.4300000000017
16715,301.71999999999997
13095,74.4
12641,185.9
14806,193.39000000000004
15949,364.7199999999999
16404,443.0500000000001
16123,307.78
12479,477.30000000000007
13349,247.31999999999996
15992,41.989999999999995
12381,1803.9600000000005
13778,178.7
16629,417.72999999999985
15533,746.9199999999996
13354,743.5300000000003
17279,187.82999999999998
16363,109.36000000000001
16415,210.34999999999985
16318,328.15
15343,364.5
17219,114.23
15524,440.0
13153,486.22
16362,652.0699999999996
15659,306.45000000000005
14582,114.11
14174,134.46
14641,110.46
14360,2128.23
16793,243.83999999999997
14550,765.6200000000001
15313,52.0
18205,517.36
12612,643.5900000000001
15654,922.5300000000002
12822,918.9799999999999
14753,563.15
16527,228.06000000000003
15399,815.7699999999999
16480,769.2899999999995
15526,148.44
12518,2056.8899999999994
18217,621.75
15728,-134.8
14836,102.44999999999999
13322,199.48
15154,240.26999999999992
16900,187.6900000000003
15156,961.4899999999999
17011,270.90000000000003
14039,152.2
17434,2333.420000000001
13635,1071.0300000000002
13348,233.76
15948,955.2400000000001
16569,124.2
12418,668.5799999999997
16438,798.3499999999997
16428,-2.95
15576,940.6700000000002
12532,349.83
14406,156.75
13774,344.99999999999994
15603,48.480000000000004
15484,3563.1099999999997
13364,2.1316282072803006E-14
12581,197.70999999999998
16025,439.66
12617,355.5300000000002
14666,195.24999999999997
15721,507.0799999999998
17379,404.66
16803,332.29999999999995
12772,892.4700000000004
12950,1843.0
12995,200.72
16215,242.35000000000002
16986,1873.2
12478,680.9900000000002
14484,321.91999999999996
16884,429.84
13860,1240.0000000000005
13806,256.38
15022,905.0399999999995
16127,656.2500000000001
17595,388.7900000000001
17461,757.4599999999996
17727,1042.55
13244,121.74000000000001
12488,1298.6599999999999
17197,1013.01
14335,468.26
13755,2154.680000000001
13651,94.2
14196,335.52
13083,303.75
12703,274.69999999999993
14539,537.48
17458,316.49999999999994
16734,650.51
15344,476.58000000000004
13882,1131.28
17534,223.36
15444,1418.2600000000016
17495,497.56000000000006
13710,180.48000000000002
18249,95.34
18184,49.8
14601,213.96000000000004
16603,482.47
16211,542.77
13350,910.7199999999998
12546,1141.5
14792,0.0
18181,382.79999999999995
16173,1406.5699999999993
12550,964.8299999999994
16650,518.4200000000001
16432,287.4
14929,223.88
16674,319.61000000000007
15287,485.24
16789,80.8
16108,816.1
16669,1370.8700000000003
15142,498.74
17022,71.0
17523,652.7400000000001
16881,432.0
17086,2050.079999999999
14027,104.82000000000002
16936,262.68
16528,244.41
13704,2295.3099999999986
14923,749.0999999999998
17122,138.32
15396,288.17999999999995
16758,369.34
15006,502.08999999999975
15158,401.4000000000001
17432,365.76000000000005
17232,421.5200000000001
15821,570.96
16430,300.85
14971,1116.5699999999993
15597,315.71999999999997
15269,408.8
15541,85.13000000000002
14566,1432.0
15762,583.75
15185,310.62000000000006
15300,496.4399999999999
14661,107.95
14424,322.08
13889,416.9
13759,659.41
14362,161.20000000000002
13189,260.68
15099,410.48
16376,977.5200000000007
18200,163.8
13947,90.6
17832,155.3700000000001
16903,373.24
13159,1379.7500000000007
15475,454.10999999999984
13978,196.79
15488,91.32000000000001
15714,330.8799999999998
17614,390.0699999999999
16542,119.62
18042,165.04999999999998
13366,56.160000000000004
15054,302.09999999999997
12508,398.27000000000004
12890,380.46999999999997
18066,318.0
12628,769.6099999999998
18019,38.45
14629,939.2100000000002
13298,360.0
13853,1056.94
16742,0.0
17747,64.65
13160,91.8
15707,945.5799999999999
17628,75.75000000000001
17131,2463.170000000001
12430,256.4
16368,497.42999999999984
14581,138.6
15933,1107.4600000000003
12783,1603.8699999999997
13061,248.61
15837,391.97999999999996
13602,428.88999999999993
12660,245.10000000000002
16479,300.83
14050,746.3600000000001
12832,383.03000000000003
13419,221.05999999999995
13103,243.94
14950,361.25
14306,2083.4199999999996
12425,777.1999999999999
16268,667.6499999999999
15000,490.52
16190,215.08
15153,329.25
17936,389.8399999999999
17333,494.24999999999994
14951,311.69000000000005
16101,1245.9599999999998
16106,108.38
15553,437.22999999999985
14121,2740.3
12371,1887.9600000000003
12812,229.63999999999993
17084,2949.7500000000014
15168,106.56
17309,82.75
15035,252.72999999999996
13979,869.8700000000001
15297,635.04
14251,2879.7000000000003
16079,1352.0000000000002
15423,43.5
15758,205.25
13638,122.64000000000001
17914,336.4299999999999
16961,234.17
16759,772.84
15683,193.75
13727,333.4800000000001
15657,30.0
14212,1070.48
15993,2756.8199999999997
17290,525.2399999999998
14480,279.05
15706,1001.8100000000001
12923,176.97
12856,2162.680000000001
16412,151.83
13697,151.3
15025,377.01
12492,263.21
14171,363.78999999999996
15975,371.01
12398,1635.6599999999999
16337,151.05
12814,125.92
17684,239.41
15385,316.88
17831,35.400000000000006
13986,320.46000000000004
15663,138.14000000000001
15571,650.43
14908,277.79999999999995
14412,761.3300000000002
15088,1140.27
18126,206.83000000000007
17520,546.8100000000001
16848,281.42
15677,657.23
16207,394.38
17835,350.63999999999993
12953,329.84999999999997
15773,635.6800000000001
13436,196.88999999999996
12497,1043.1
15886,181.09
14485,165.75000000000003
18022,668.1100000000002
15692,191.04000000000002
18082,703.3699999999997
14569,227.39
17640,621.6600000000001
16485,363.65
14184,452.89
12454,-5.684341886080802E-14
15994,427.07000000000005
15699,309.6499999999999
17247,282.18999999999994
15136,1282.4500000000005
16468,74.9
18164,394.70000000000005
12784,574.42
12739,1013.0400000000001
15523,412.00999999999993
13336,795.12
15492,659.4599999999999
15739,449.12000000000006
13816,555.04
16260,1035.45
12938,114.14
16423,346.12
13790,348.79999999999995
12789,91.85000000000001
13822,632.0000000000001
17668,347.74999999999994
15551,436.05999999999995
15195,3861.0
15335,173.97000000000003
12646,1346.9700000000003
16708,656.6300000000001
15320,267.13
15830,547.7
16555,285.89
15417,508.8000000000001
13866,145.67
16737,417.59999999999997
12847,871.5399999999998
16451,266.97
17144,984.5699999999998
15500,1131.5600000000004
17480,506.51
14109,80.19999999999999
17425,759.1699999999995
13245,430.5
17403,281.62000000000006
13272,276.56000000000006
13877,117.24000000000001
15610,112.46
16830,325.90999999999997
17451,1648.9500000000003
16198,400.681
16914,208.45999999999995
14953,289.82
13926,223.85000000000002
17237,314.69
13924,1682.0800000000004
12618,177.31
14756,738.9599999999998
16978,344.33
18276,323.3599999999999
13522,125.80000000000001
15428,93.78
14093,442.8499999999999
14356,666.9399999999999
15556,279.77
13142,307.0899999999999
12642,1013.26
15341,2020.52
13503,216.84999999999997
12718,238.25000000000003
17354,1393.06
13532,210.30999999999983
14772,139.26
15782,2593.9400000000005
13212,780.5799999999998
15678,352.70000000000005
16248,152.94
14710,606.1300000000002
12403,409.7
16855,328.4
14218,169.48000000000002
13332,350.9
12794,860.4099999999999
17481,1249.3400000000006
13323,787.85
13352,389.2800000000001
14910,389.86000000000007
17590,1479.22
17387,784.11
17942,77.50000000000001
12657,1152.06
13673,396.9199999999999
16482,220.61999999999998
17030,146.87
15872,360.9299999999999
14301,632.04
16836,251.87
16330,242.21
17037,1253.2199999999996
15450,429.84
16535,593.75
13411,213.55000000000004
13434,534.24
12851,135.17999999999995
12685,2863.0800000000004
16157,644.2400000000001
13006,81.57
13176,492.8400000000001
18154,399.18999999999994
14664,637.89
12883,703.4700000000001
13325,675.3
13359,431.25999999999993
14966,191.3199999999999
12752,4366.779999999999
17498,272.21999999999997
14138,982.3800000000005
13278,542.73
12588,214.9
13032,996.5199999999999
12952,1382.8400000000004
16281,2062.06
12740,427.5999999999999
16982,384.06
15988,158.03000000000003
14946,100.9
16988,126.12
14087,181.66999999999996
17919,1304.04
15522,398.84
18251,4314.719999999999
17846,2033.1
16380,1780.5900000000001
14179,719.7799999999997
12658,686.0500000000001
12920,164.23000000000002
14893,1237.8500000000004
15568,758.2899999999998
15787,948.0500000000001
14537,355.5600000000001
13307,15.0
12906,2919.809999999999
17079,118.80000000000001
16177,331.95
16790,1520.1199999999997
13467,1083.71
17468,137.0
15866,230.52999999999994
13519,110.8
15978,1098.7800000000002
14698,1250.7600000000014
15286,240.55
14250,1904.0500000000002
14357,225.77000000000012
16641,231.10000000000002
13147,712.8000000000001
13464,674.6800000000002
14073,139.54
16433,184.26000000000002
14902,314.11000000000007
16504,484.37999999999977
15472,371.56
16093,17.0
13127,259.16999999999996
16169,1822.9700000000003
16361,896.6600000000001
17957,111.67999999999998
18033,97.97000000000004
15748,149.30999999999995
17791,106.1
18110,206.05
15539,538.46
15690,239.76000000000002
13808,1747.66
13823,957.6600000000001
17163,293.1
16354,395.79999999999995
12552,437.81999999999994
15900,351.1099999999999
13560,174.37000000000003
14529,620.0399999999998
18158,451.7500000000001
15272,721.9399999999998
13536,3448.2899999999986
13587,347.0
17761,712.78
14789,197.64000000000001
16478,331.0
15836,117.47
17317,2524.0200000000004
16689,303.26
16213,159.0
15763,1048.67
15803,415.82
16026,236.09000000000006
13603,164.34
15315,551.54
15255,890.8499999999999
17459,657.3
12572,1004.7200000000003
15427,1483.1399999999999
12984,97.5
15148,301.28999999999996
18216,481.75
15318,312.62
16582,313.61999999999995
14965,598.9999999999999
17206,204.24
16851,342.45
17078,378.2000000000001
13938,71.66
12603,739.1999999999999
17557,541.4599999999999
15807,903.9000000000001
17125,259.34999999999997
18005,249.71999999999989
13607,678.0099999999996
18104,754.6400000000002
12985,1215.6200000000001
14869,721.95
13949,2427.3199999999974
17004,1412.9399999999996
13639,1033.3400000000001
13259,292.3199999999999
15612,195.15
16179,215.83
12498,403.7
14098,147.34999999999997
15883,396.47999999999996
15009,1261.7799999999997
18261,324.23999999999995
16160,1009.4500000000004
13566,874.7099999999997
16347,887.6500000000001
17038,112.40000000000003
15986,168.12
13828,209.49000000000004
14261,1163.4499999999998
16343,370.47999999999996
14894,655.7499999999999
14652,114.18000000000002
15565,173.15999999999997
15937,145.35
13876,122.69999999999999
15360,427.92999999999995
17073,1446.09
14055,725.6400000000001
15774,270.8
13974,413.59
17010,185.46
13273,138.97999999999996
13130,64.0
16181,305.5400000000001
17321,700.8599999999999
15592,388.58
16847,193.44
17233,190.88
18034,422.8800000000001
15103,703.3599999999998
14557,0.0
15239,764.3399999999999
16594,181.08999999999997
16183,338.7100000000001
16563,1077.74
16345,575.4100000000001
15017,125.58000000000003
17561,167.61999999999998
14432,2255.5099999999984
17986,20.8
14381,202.6800000000001
12522,192.72000000000003
13598,167.4200000000001
13363,992.5000000000002
17839,338.80000000000007
17973,337.04
16602,494.7299999999999
16953,20.8
17977,288.14
14418,1937.2500000000002
15744,34.8
14427,363.34000000000003
16313,274.15000000000003
17344,160.56999999999994
15888,141.26999999999998
16379,2131.9000000000005
15193,499.32
16956,292.34000000000003
16723,589.15
16017,211.87999999999994
15275,609.1899999999998
16322,326.74999999999994
18192,957.9699999999999
16071,326.24000000000007
15520,343.49999999999994
12968,135.95
16141,620.4
16959,117.35000000000001
18045,189.39999999999995
12448,449.4500000000001
14974,114.39
17301,197.6300000000001
15857,297.0
12680,862.81
12756,112.08000000000001
16878,0.0
16753,223.92
16751,1764.7199999999998
13276,590.93
12375,455.42000000000013
18130,1045.7400000000002
15720,598.7300000000001
15480,905.5
17844,51.56
17415,507.8399999999999
12602,153.12000000000003
15598,235.68
12912,1662.3
14528,364.22
15645,612.0099999999998
16340,549.0699999999998
13954,378.5899999999999
14592,570.4599999999998
17201,342.63
17383,199.29000000000002
15573,607.45
16049,1111.7899999999993
16164,802.5300000000002
12795,430.4800000000001
14712,917.07
14863,266.76
18006,444.68
14881,255.4
15274,716.5700000000003
12991,503.76
14856,1311.3800000000006
14015,917.34
17538,98.42000000000002
17600,161.67000000000002
